"There should be 2-3parties in the country, the local parties are the main reason for nondevelopment of country  MamataOfficial AamAadmiParty samajwadi jantadal laluprasadrjd ncbn BJP4India INCIndia public  have to vote for party, whose candidates fighting in all states",0.4404
"jacindaardern iamsuffian1 We pay our deepest condolences to the deceased people. May their souls rest in peace. Time has come for World Leaders to unite against terrorism. Our solidarity with u madam.  President, Samajwadi Party Odisha State, India.",0.34
"Not allies, dont create confusion: SP-BSP to Congress | India News - Times of India ",0.3591
Yay! But this will happen ONLY if you state Congress satraps accommodate BSP in BIMARU states. In MP &amp; Rajasthan Congress almost lost &amp; the winning margins too were thin. Don't repeat your historical blunders. UP will change the fate of India if only Congress accepts this ,0.8118
srivastavnitin2 drpravinverma73 sp_party_mzp RahulGandhi yadavakhilesh MamataOfficial Mayawati yadavabneeshsp AbbasAliRushdi YadayUmesh satyendra_ahir samajwadiparty They will say you are answering 'out of syllabus'.Twitter poll mein bhi fixing hi Kar sakte hain yeh samajwadi party waale...,0.4019
Listen public voice and Samajwadi Party workers otherwise no attachment of public with samajwadi workers please one hand pump and one solar always given me  not because my villagersyadavakhilesh samajwadiparty ,0.802
"ShekharGupta dksingh73 Bcoz 2 social abuses (BSP &amp; SP)  hv joined together 2  provide  a greater &amp; common platform 4 communalizm ,caste-ism , ant-nationalism , encouragement  2 Pak element &amp; unethic  politics n 2 KILL development of UP . Certainly duo won't make it 2 center ever ?",-0.516
BebakAawaj Seventy seats for sp BSP remaining ten for Congress BJP will drawBlank provided all three come together,0
yadavakhilesh SP+BSP= CONGRESS TOTALLY CRUPT CONGRESS PARTY,0.6549
"Not a single vote of upper caste  should go to BSP. To save upper caste, No vote to BSP. ",0.25
"Professor Ali Khan, Samajwadi Party will be adressing on Manifesto of UAH at Constitution Club on 18th March 2pmUnitedAgainstHateUAH_India",0.4019
"yadavakhilesh Whatever tricks you may try Akilesh Yadav, it won't work with the people any more.Your lies &amp; falsehood &amp; dynasty politics will have no takers , you will be relegated to with SP getting only a dozen seats whereas Mayawatti &amp; BSP likely to get more then double of yours.",-0.6705
MayawatiUp how we can vote for bsp because critisezd Vedik dharam of which Buddhism is integral part as Jain Sikh. This is negative bsp.,-0.5719
"Our deepest condolences on the untimely demise of Goa Chief Minister Sri Manohar Parrikar. India last a young intellectual politician.  President, Samajwadi Party, Odisha. BJP4India. ",0.7184
My respected MLC only Garland Bearing not finish your work your work is Public Work public representative please some work do for public for the attachment you and Samajwadi Party I am a simple person party you are not listen my talk I am Samajwadi Party workeryadavakhilesh ,0.9287
"Arvind Kejriwal contested against Narendra Modi in Varanasi in 2014 and faced a huge defeat. This time AAP left that seat to Congress, Congress gave it to SP, SP wants BSP to contest there, The probable BSP candidate Joined BJP--Copied...",-0.1779
Listen public voice and Samajwadi Party workers otherwise no attachment of public with samajwadi workers please one hand pump and one solar always given me  not because my villagers ,0.802
"Varanasi Loksabha seat against PM Modi AAP gives it to congress, Congress gives it to SP, SP gives it to BSP, BSP candidate joins BJP. Too much fun!  ElectionCommissionOfIndia",0.5562
"We protested against division of EastCoastZone Bhubaneswar on 28th February for which RPF has registered a case &amp; issued a summon. We urge upon PiyushGoyalOffc CRB to withdraw the case.  President, Samajwadi Party, Odisha. Naveen_Odisha bjd_odisha.",0.296
"Welcome the appointment of Hon'ble Justice Pinaki Chandra Ghosh FirstLokpal of India. It took 5yrs for NDA Govt to appoint Lokpal on the eve of election reflects its commitment in fighting corruption.  President, Samajwadi Party, Odisha. yadavakhilesh",0.8481
"Varanasi Loksabha seat against PM Modi AAP gives it to congress, Congress gives it to SP, SP gives it to BSP, BSP candidate joins BJP. Too much fun!  ElectionCommissionOfIndia",0.5562
"Not allies, dont create confusion: SP-BSP to Congress | India News - Times of India ",0.3591
"BBCWorld Congratulations GretaThunberg for your fight against climate change.  President, Samajwadi Party Odisha State, India.",0.6124
"The legendary revolutionary who gave voice to the voicrless, gave the clarion call to overthrow capitalism. Now when Capitalism is in crisis, his ideals need to be emulated. Tribute on his death anniversary today.  President, Samajwadi Party, Odisha. ",-0.6705
"yadavakhilesh When SP,BSP,are so much sure about their win .Why compairing with bjp &amp; why so much scared from Modi ji No matter what will happen Both SP,BSP cant touch double digit",0.2732
"We protested against division of EastCoastZone Bhubaneswar on 28th February for which RPF has registered a case &amp; issued a summon. We urge upon PiyushGoyalOffc CRB to withdraw the case.  President, Samajwadi Party, Odisha. Naveen_Odisha bjd_odisha.",0.296
One thing have to expect all Indian media BJP is only one party that is party Congress party family party BSP rally mayawati party samajwadi party mulayam Akhilesh party TMC Mamta mukherjee party show only one BJP is people's party support BJP election thank you,0.9788
"ashokepandit Meaningless rhetoric. Don't worry, Cong is no threat in UP. Change the charge to SP/BSP.",-0.7264
"Lok Sabha Elections 2019: Samajwadi Party announces names of four candidates, Aparna shocks.",0.0258
"postfaisal Statistic. Kannauj has 36% Muslims. No Muslim has won from here. For past 21 years, the seat is with Samajwadi Party. asadowaisi syedasimwaqar",0.6369
"yadavakhilesh yadavakhilesh &amp; ShusriiMayawati ji the answer to give a historic check to the saffron brigade. All secular, social justice forces must be united to fight divisive forces.  President, Samajwadi Party, Odisha.",0.743
"BSNL failed to pay salary for the month of February to its 1.70lakhs employees across India due to cash crunch &amp; stiff competition from private telecoms. A conspiracy to close it.  President, Samajwadi Party, Odisha. yadavakhilesh SpNewsPortal",-0.6597
My respected MLC only Garland Bearing not finish your work your work is Public Work public representative please some work do for public for the attachment you and Samajwadi Party I am a simple person party you are not listen my talk I am Samajwadi Party workeryadavakhilesh ,0.9287
"Our tribute to Ist Indian astronaut Kalpana Chawla on her birthday today. She continues to inspire us even today.  President, Samajwadi Party, Odisha. ",0.7506
"Target for India Kotla in 5th one day today is273 for victory. Best wishes to to imVkohli to win it and win the series IndVsAus.  President, Samajwadi Party, Odisha",0.9442
"ChristchurchMosqueShooting 27 dead &amp; many more injured. We strongly condemn such firing and pray the Lord to bless the soul of the deceased to rest in peace.  President, Samajwadi Party Odisha State, India.",0.0953
"achyuta_samanta the_hindu Congratulations sir for Change Maker award by Dr.ManmohanSingh.  President, Samajwadi Party, Odisha.",0.8779
"VishweshwarBhat In Varanasi ...  AAP gave their seat to Congress, Congress gave it to SP, SP gave it to BSP ...BSP candidate joined BJP  Karnataka Co-Ja alliance going that way ?",0
"3 young men working in respected Corporate sectors today joined Samajwadi Party in Odisha. I welcome Mr Sibasis Mishra, Mr Sumit Patra &amp; Mr Asish Mohanty who r inspired by the leadership of yadavakhilesh.  President, Samajwadi Party, Odisha. MediaCellSP samajwadiparty, ",0.9287
"After division of EastCoastZone Bhubaneswar now the Railway Board is shifting the Railway Electrical Project HQ to Bengalur. It's again an anti-Odisha move that  must be opposed.  President, Samajwadi Party, Odisha. Naveen_Odisha.PiyushGoyalOffc",0.4019
"Professor Ali Khan, Samajwadi Party will be adressing on Manifesto of UAH at Constitution Club on 18th March 2pmUnitedAgainstHateUAH_India",0.4019
"China blocks JeM chief Masood Ajhar 4th time in UNSC declaring the dreaded terrorist a global terrorist. It's a diplomatic set back for Govt of India. Shame.  President, Samajwadi Party, Odisha",-0.9468
"There should be 2-3parties in the country, the local parties are the main reason for nondevelopment of country  MamataOfficial AamAadmiParty samajwadi jantadal laluprasadrjd ncbn BJP4India INCIndia public  have to vote for party, whose candidates fighting in all states",0.4404
"yadavakhilesh Whatever tricks you may try Akilesh Yadav, it won't work with the people any more.Your lies &amp; falsehood &amp; dynasty politics will have no takers , you will be relegated to with SP getting only a dozen seats whereas Mayawatti &amp; BSP likely to get more then double of yours.",-0.6705
"Bhaya namaste. I welcome the petition of 21 political parties in Supreme Court on verification of 50%VVPAT as EVM can not ensure free &amp; fair election.  President, Samajwadi Party, Odisha. yadavakhilesh MediaCellSP",0.856
"Welcome the appointment of Hon'ble Justice Pinaki Chandra Ghosh FirstLokpal of India. It took 5yrs for NDA Govt to appoint Lokpal on the eve of election reflects its commitment in fighting corruption.  President, Samajwadi Party, Odisha. yadavakhilesh",0.8481
imMAK02 SanjayRajguru Kasmiri beaten by samajwadi party group with proper plan.  Now you can see his video. Leftist is very planned to spread the rumours. We are not going fall in such a trap,-0.34
"Healthy Kidney - Healthy life. Take the pledge to keep ur kidney free from infection - call WorldKidneyDay.  President, Samajwadi Party, Odisha.",0.886
If there is alliance between PSP &amp; CongressBJP 40 seatsCongress PSP 20 seatsSP BSP 20 seatsUPA government in CentralIf there is not any alliance between PSP &amp; CongressSP BSP 47 seatsBJP 24 seatsCongress PSP 9 seatsNDA government in central,0
yadavakhilesh SP+BSP= CONGRESS TOTALLY CRUPT CONGRESS PARTY,0.6549
Yay! But this will happen ONLY if you state Congress satraps accommodate BSP in BIMARU states. In MP &amp; Rajasthan Congress almost lost &amp; the winning margins too were thin. Don't repeat your historical blunders. UP will change the fate of India if only Congress accepts this ,0.8118
"Arvind Kejriwal contested against Narendra Modi in Varanasi in 2014 and faced a huge defeat. This time AAP left that seat to Congress, Congress gave it to SP, SP wants BSP to contest there, The probable BSP candidate Joined BJP--Copied...",-0.1779
ShefVaidya Is it sheer jealousy or u envisage revival of Cong in UP?BJP trolls so love Cong bashing that they have forgotten real threat of SP/BSP aliance in UP and wasting precious resources and time on non entities.,0.1941
"We demanded inquiry by Human rights Commission into Vedanta firing.  President, Samajwadi Party, Odisha. ",-0.1531
"imVkohli Best wishes to you &amp; Indian Cricket Team for the deciding one day today Kotla NewDelhi to win the series. BCCI rabishastri President, Samajwadi Party, Odisha. ",0.9062
"PhirEkBaarModiSarkar, badhte hue MainBhiChowkidar, add therero those seats which BSP may win with SP, therafter history shall repeat, MSY already knows it but then one can turn donkey into horse only temporarily not forever as donkey always remain a donkey... ",0.34
"Varanasi Loksabha seat against PM Modi AAP gives it to congress, Congress gives it to SP, SP gives it to BSP, BSP candidate joins BJP.. Amethi candidate runs to Karnataka__ WeWillHandleHim",0
MehekF Aur kya.Langar mein aayein hai kya SP/BSP.All the hardwork was done by RG to spread awareness and these guys just want to milk the disechantment.Fookat mein.,0.0772
"Lolo_cy SocialChangeAus Yes Lolo, solidarity with u.  President, Samajwadi Party Odisha State, India.",0.765
"Lolo_cy SocialChangeAus Lolo_cy u r absolutely right Lolo SocialChangeAus for identifying the root cause of women empowerment. Hope, let us fight it out to bring women to the Centre of development.  President, Samajwadi Party Odisha State, India.",0.4588
MayawatiUp how we can vote for bsp because critisezd Vedik dharam of which Buddhism is integral part as Jain Sikh. This is negative bsp.,-0.5719
"Congratulations to Mr Alok Bhanj  FM College +3 Science Balsore for securing 1st position out of 7 lakh students for joining ISRO as trainee scientist. Pride of Odisha. Naveen_Odisha CMO_Odisha must felicitate him.  President, Samajwadi Party, Odisha.",0.8834
"BJP INC CPM JDU CPI AITC NCP RJD SHIVSENA SP BSP DMK AIADMK AAP NC TDP AGP BPF AUDF OTHERS I URGE ALL MEMBERS OF ENTIRE POLITICAL PARTIES TO VOTE FOR ""NOTA"" ; SO THAT, NOTA WOULD BE ABLE TO FORM STABLE GOVERNMENT IN THE CENTRE.  TuesdayThoughts NarendraModi ",0.7481
"Not a single vote of upper caste  should go to BSP. To save upper caste, No vote to BSP. ",0.25
srivastavnitin2 drpravinverma73 sp_party_mzp RahulGandhi yadavakhilesh MamataOfficial Mayawati yadavabneeshsp AbbasAliRushdi YadayUmesh satyendra_ahir samajwadiparty They will say you are answering 'out of syllabus'.Twitter poll mein bhi fixing hi Kar sakte hain yeh samajwadi party waale...,0.4019
"Congratulations to Odia Customs officer Debi Prasad Dash of 22mouza, Biridi block, Jagatsinghpur to join WorldCustomsOrganization Chairman.  President, Samajwadi Party, Odisha.",0.7096
Seems currency worth crores recovered from the car belonging to a legislator of Samajwadi Party. ... ,0.5574
"ShekharGupta dksingh73 Bcoz 2 social abuses (BSP &amp; SP)  hv joined together 2  provide  a greater &amp; common platform 4 communalizm ,caste-ism , ant-nationalism , encouragement  2 Pak element &amp; unethic  politics n 2 KILL development of UP . Certainly duo won't make it 2 center ever ?",-0.516
"Congratulations to Dutee Chand winning gold in 200mtrs &amp; Jauna Murmu for Bronze in 400 mtrs hurdles in  23rd sr Federation Athletic meet Patiala. Both r pride of Odisha must be given felicitation &amp; financial rewards.  President, Samajwadi Party, Odisha. Naveen_Odisha.",0.9382
INCIndia Why you people are soft on SP&amp;BSP whose spokesperson are targeting Congress..why this flip flop policy ..for God's sake don't spare them and try to regain your  ground ..Cong is capable..,-0.34
"MumbaiBridgeCollapse near CST, 4 people died &amp; 28 seriously injured. Safety, security &amp; punctuality, the core slogan of Railway is missing during NDA Rule. Irony as it promised bullet train.  President, Samajwadi Party, Odisha. yadavakhilesh PiyushGoyalOffc",0
"kanak_news In the  Platinum Jubilee year of  Utkal University, the maffias in the name of old students were creating chaos in the campus. Congrats to the police taking tough action to bring academic peace.  President, Samajwadi Party, Odisha.",0.765
"2 Mayawati's stern warning to Congress: Don't spread confusionA day after the Congress said it was leaving seven Lok Sabha seats for the SP-BSP-RLD combine in UP, BSP supremo Mayawati asked the national party not to ""spread confusion""",0.6234
Times Now 2019 Pre-Poll SurveyYSRCP -48.80TDP -38.40BJP -5.80INC -2.20Others - 4.9(JSP+CPI/M+BSP+IND..)I am interested about other parties vote percentage. I am interested in YSRCPartyVote percentage.  And it is as per my expectations ncbn ,0.7964
Listen public voice and Samajwadi Party workers otherwise no attachment of public with samajwadi workers please one hand pump and one solar always given me  not because my villagers ,0.802
"Uma Bharti offers her mobile number as an emergency contact to Mayawati. Says, Next time, Samajwadi party goons attack Mayawati, she can reach out to me as there is no Brahm Dutt Dwivedi to rescue her this time.Umabharti  Mayawati  AkhileshyadavYogiadityanath",-0.128
"yadavakhilesh yadavakhilesh very prompt &amp; witty comments bhaya by u on the tweets of our PrimeMinister Mahagathbandhan leaders on increasing more voting &amp; ur appeal for MahaParivartan through ballot for new PM.  President, Samajwadi Party, Odisha.",0.4019
BebakAawaj Seventy seats for sp BSP remaining ten for Congress BJP will drawBlank provided all three come together,0
"Call drop is a menace today. As election process is going on ECI OdishaCeo most convene a meeting of mobile service providers for smooth network.  President, Samajwadi Party, Odisha.",-0.3818
"abdulrub_ansari Hon'ble Netaji Pranam. U r absolutely right, nobody can stop the march of SP-BSP to Delhi.  President, Samajwadi Party, Odisha.",0.128
AmanKayamHai_ET Mulayam Singh Yadav Ji &amp; Shivpal Yadav Ji doesn't require any support from BSP. They're the pillars of Samajwadi Party UPSamajwad Mayawati ANINewsUP aajtak,0.1134
"jacindaardern iamsuffian1 We pay our deepest condolences to the deceased people. May their souls rest in peace. Time has come for World Leaders to unite against terrorism. Our solidarity with u madam.  President, Samajwadi Party Odisha State, India.",0.34
"Our deepest condolences on the untimely demise of Goa Chief Minister Sri Manohar Parrikar. India last a young intellectual politician.  President, Samajwadi Party, Odisha. BJP4India. ",0.7184
"We call upon all consumers on InternationalConsumersDay to fight for the rights of the consumers.  President, Samajwadi Party, Odisha.",0.0258
Akhilesh Yadav could not give intelligent reply to Pronove Roy and his associate. Congress is definitely  an old Big National party fought for India's freedom  struggle. Then neither Samajwadi Party nor BSP was in existence. So ignoring Congress was blunder. BJP stands nowhere.,-0.1855
"India lost 5th&amp;final one day Kotla today to Australia IndVsAus by 35 runs &amp; thereby the series due to careless &amp; irresponsible batting. BCCI rabishastri must find out the weakness before WorkCup to bring the team to the track.  President, Samajwadi Party, Odisha.",-0.7783
"Explained: Who is Pawan Kalyan and what is the Jana Sena? | Explained News, The Indian Express ",0
iAadiRaj Mayawati Only bsp,0
"We pay our deepest tribute to the great soul of revolutionary women leader Late Malati Choudhuri on her death anniversary today.  President, Samajwadi Party, Odisha. ",0.3612
"SP-BSP - RLD Alliance can change the narrative of Indian politics. Let us unite for a change of Govt at the Centre.  President, Samajwadi Party, Odisha. yadavakhilesh ShusriiMayawati MediaCellSP ",0.4019
Listen public voice and Samajwadi Party workers otherwise no attachment of public with samajwadi workers please one hand pump and one solar always given me  not because my villagersyadavakhilesh samajwadiparty ,0.802
"Congratulations to sachin_rt for becoming the first player this day in Cricket history to complete 100 centuries in International Cricket. BCCI ICC would hv felicitated him today to make it memorable.  President, Samajwadi Party, Odisha.",0.765
"Call drop is a menace today. As election process is going on ECI OdishaCeo most convene a meeting of mobile service providers for smooth network.  President, Samajwadi Party, Odisha.",-0.3818
"samajwadiparty NareshUttamSP Welcome.  President, Samajwadi Party, Odisha",0.6908
"Professor Ali Khan, Samajwadi Party will be adressing on Manifesto of UAH at Constitution Club on 18th March 2pmUnitedAgainstHateUAH_India",0.4019
"jacindaardern iamsuffian1 We pay our deepest condolences to the deceased people. May their souls rest in peace. Time has come for World Leaders to unite against terrorism. Our solidarity with u madam.  President, Samajwadi Party Odisha State, India.",0.34
Only opposition parties are opposing Modi but not the public. It is more concerned to opposition parties no party is dare enough to do campaign outside their area. On paper only SP BSP combination is looking others are scared at predictions,0.3182
"We protested against division of EastCoastZone Bhubaneswar on 28th February for which RPF has registered a case &amp; issued a summon. We urge upon PiyushGoyalOffc CRB to withdraw the case.  President, Samajwadi Party, Odisha. Naveen_Odisha bjd_odisha.",0.296
"Varanasi Loksabha seat against PM Modi AAP gives it to congress, Congress gives it to SP, SP gives it to BSP, BSP candidate joins BJP. Too much fun!  ElectionCommissionOfIndia",0.5562
"Our deepest condolences on the untimely demise of Goa Chief Minister Sri Manohar Parrikar. India last a young intellectual politician.  President, Samajwadi Party, Odisha. BJP4India. ",0.7184
"achyuta_samanta the_hindu Congratulations sir for Change Maker award by Dr.ManmohanSingh.  President, Samajwadi Party, Odisha.",0.8779
"ChristchurchMosqueShooting 27 dead &amp; many more injured. We strongly condemn such firing and pray the Lord to bless the soul of the deceased to rest in peace.  President, Samajwadi Party Odisha State, India.",0.0953
"abdulrub_ansari Hon'ble Netaji Pranam. U r absolutely right, nobody can stop the march of SP-BSP to Delhi.  President, Samajwadi Party, Odisha.",0.128
MayawatiUp how we can vote for bsp because critisezd Vedik dharam of which Buddhism is integral part as Jain Sikh. This is negative bsp.,-0.5719
"Congratulations to CRPF on its 80thFoundationDay. The country salutes the martyrs of CRPF JammuAndKashmir PulwamaTerroristAttack &amp; stands in solidarity with the jawans.  President, Samajwadi Party, Odisha.",0.8316
BattleOf2019 :Layman diary : Babua +Buaji pls don't underestimate Yadavs and Dalits r so uneducated that totally slaves fr Bsp+Rld+Sp will sweep. If this fact works then no necessary to develop states which done by Bjp goes invain.who will work?,-0.0031
"BBCWorld We pay our condolences for the deceased in LdaiCyclone victims who lost their lives Mozambique Malwai Zimbbwe. Our solidarity with the people. World leaders must come forward for relief &amp; rescue.  President, Samajwadi Party Odisha State, India.",0.743
"SP-BSP - RLD Alliance can change the narrative of Indian politics. Let us unite for a change of Govt at the Centre.  President, Samajwadi Party, Odisha. yadavakhilesh ShusriiMayawati MediaCellSP ",0.4019
"We pay our deepest tribute to the great soul of revolutionary women leader Late Malati Choudhuri on her death anniversary today.  President, Samajwadi Party, Odisha. ",0.3612
"yadavakhilesh yadav_pushu Yes bhaya VikasPoochhRahaHai. All these r Jumla as failed the farmers, youths &amp; above all the country.  President, Samajwadi Party, Odisha.",0.2732
"PhirEkBaarModiSarkar, badhte hue MainBhiChowkidar, add therero those seats which BSP may win with SP, therafter history shall repeat, MSY already knows it but then one can turn donkey into horse only temporarily not forever as donkey always remain a donkey... ",0.34
Listen public voice and Samajwadi Party workers otherwise no attachment of public with samajwadi workers please one hand pump and one solar always given me  not because my villagersyadavakhilesh samajwadiparty ,0.802
"We demanded inquiry by Human rights Commission into Vedanta firing.  President, Samajwadi Party, Odisha. ",-0.1531
"India lost 5th&amp;final one day Kotla today to Australia IndVsAus by 35 runs &amp; thereby the series due to careless &amp; irresponsible batting. BCCI rabishastri must find out the weakness before WorkCup to bring the team to the track.  President, Samajwadi Party, Odisha.",-0.7783
Yay! But this will happen ONLY if you state Congress satraps accommodate BSP in BIMARU states. In MP &amp; Rajasthan Congress almost lost &amp; the winning margins too were thin. Don't repeat your historical blunders. UP will change the fate of India if only Congress accepts this ,0.8118
MehekF Aur kya.Langar mein aayein hai kya SP/BSP.All the hardwork was done by RG to spread awareness and these guys just want to milk the disechantment.Fookat mein.,0.0772
"Ambitions of little miss BSP and skullduggery has undone what people of the calibre of ncbn ,yadavakhilesh  etc., Built brick by brick ",-0.079
"BSNL failed to pay salary for the month of February to its 1.70lakhs employees across India due to cash crunch &amp; stiff competition from private telecoms. A conspiracy to close it.  President, Samajwadi Party, Odisha. yadavakhilesh SpNewsPortal",-0.6597
"Target for India Kotla in 5th one day today is273 for victory. Best wishes to to imVkohli to win it and win the series IndVsAus.  President, Samajwadi Party, Odisha",0.9442
Seems currency worth crores recovered from the car belonging to a legislator of Samajwadi Party. ... ,0.5574
"aajtak sardanarohit U had congress ,SP, &amp; BSP shouters against one BJP man, when gaurav was speaking 3 shouterrs interjected, rohit engaged in most useless debate with ghanshyan , took most of the time, renane your show if u want people to see it",-0.024
"BJP INC CPM JDU CPI AITC NCP RJD SHIVSENA SP BSP DMK AIADMK AAP NC TDP AGP BPF AUDF OTHERS I URGE ALL MEMBERS OF ENTIRE POLITICAL PARTIES TO VOTE FOR ""NOTA"" ; SO THAT, NOTA WOULD BE ABLE TO FORM STABLE GOVERNMENT IN THE CENTRE.  TuesdayThoughts NarendraModi ",0.7481
INCIndia Why you people are soft on SP&amp;BSP whose spokesperson are targeting Congress..why this flip flop policy ..for God's sake don't spare them and try to regain your  ground ..Cong is capable..,-0.34
If there is alliance between PSP &amp; CongressBJP 40 seatsCongress PSP 20 seatsSP BSP 20 seatsUPA government in CentralIf there is not any alliance between PSP &amp; CongressSP BSP 47 seatsBJP 24 seatsCongress PSP 9 seatsNDA government in central,0
"Our tribute to Ist Indian astronaut Kalpana Chawla on her birthday today. She continues to inspire us even today.  President, Samajwadi Party, Odisha. ",0.7506
iAadiRaj Mayawati Only bsp,0
"Bhaya namaste. I welcome the petition of 21 political parties in Supreme Court on verification of 50%VVPAT as EVM can not ensure free &amp; fair election.  President, Samajwadi Party, Odisha. yadavakhilesh MediaCellSP",0.856
BebakAawaj Seventy seats for sp BSP remaining ten for Congress BJP will drawBlank provided all three come together,0
Akhilesh Yadav could not give intelligent reply to Pronove Roy and his associate. Congress is definitely  an old Big National party fought for India's freedom  struggle. Then neither Samajwadi Party nor BSP was in existence. So ignoring Congress was blunder. BJP stands nowhere.,-0.1855
"yadavakhilesh a visionary leader after forming an alliance with BSP, has become a puppit in the hands of Mayawati n lost his credibility, decision to fight Maharashtra is a glaring example of it.yadavakhilesh JM_Scindia priyankagandhi advrayadav",-0.128
"Ali ji I am good fan of you. Earlier u were in JDS. You are very soft and excellent spokesperson, when should you came up for BSP spokesperson, I am waiting for you. jskochar2010gmail.com,9810388181.",0.8467
"Not allies, dont create confusion: SP-BSP to Congress | India News - Times of India ",0.3591
"Lolo_cy SocialChangeAus Yes Lolo, solidarity with u.  President, Samajwadi Party Odisha State, India.",0.765
"There should be 2-3parties in the country, the local parties are the main reason for nondevelopment of country  MamataOfficial AamAadmiParty samajwadi jantadal laluprasadrjd ncbn BJP4India INCIndia public  have to vote for party, whose candidates fighting in all states",0.4404
"Healthy Kidney - Healthy life. Take the pledge to keep ur kidney free from infection - call WorldKidneyDay.  President, Samajwadi Party, Odisha.",0.886
"ShekharGupta dksingh73 Bcoz 2 social abuses (BSP &amp; SP)  hv joined together 2  provide  a greater &amp; common platform 4 communalizm ,caste-ism , ant-nationalism , encouragement  2 Pak element &amp; unethic  politics n 2 KILL development of UP . Certainly duo won't make it 2 center ever ?",-0.516
"School children across the world must come forward  in solidarity for ClimateChangeStrike GretaThunberg to fight climatechange to save their future &amp; Mother Earth.  President, Samajwadi Party Odisha State, India.",0.6705
"ShatruganSinha Congress &amp; AAP, SP &amp; BSP , Mamata&amp; Left, TDP&amp; Congress joining is Maha milavat Maha dramebaaj ji. Not more number of parties joining. You r becoming like pappu after joining him",0.6155
"MumbaiBridgeCollapse near CST, 4 people died &amp; 28 seriously injured. Safety, security &amp; punctuality, the core slogan of Railway is missing during NDA Rule. Irony as it promised bullet train.  President, Samajwadi Party, Odisha. yadavakhilesh PiyushGoyalOffc",0
"Uma Bharti offers her mobile number as an emergency contact to Mayawati. Says, Next time, Samajwadi party goons attack Mayawati, she can reach out to me as there is no Brahm Dutt Dwivedi to rescue her this time.Umabharti  Mayawati  AkhileshyadavYogiadityanath",-0.128
"postfaisal Statistic. Kannauj has 36% Muslims. No Muslim has won from here. For past 21 years, the seat is with Samajwadi Party. asadowaisi syedasimwaqar",0.6369
"yadavakhilesh Whatever tricks you may try Akilesh Yadav, it won't work with the people any more.Your lies &amp; falsehood &amp; dynasty politics will have no takers , you will be relegated to with SP getting only a dozen seats whereas Mayawatti &amp; BSP likely to get more then double of yours.",-0.6705
"TimesNowHindi TimesNow Mayawati RahulGandhi Frankly, I wl b very keen to watch &amp; hear Behenji's comments, if Congress (under Priyanka Gandhi's astute leadership) were to win more seats in U P, than the Partners of her Ghatbandhan!!  If she recalls she had said her BSP wl not partner Congress in MP, Raj etc and Congress won",0.8974
Times Now 2019 Pre-Poll SurveyYSRCP -48.80TDP -38.40BJP -5.80INC -2.20Others - 4.9(JSP+CPI/M+BSP+IND..)I am interested about other parties vote percentage. I am interested in YSRCPartyVote percentage.  And it is as per my expectations ncbn ,0.7964
ShefVaidya Is it sheer jealousy or u envisage revival of Cong in UP?BJP trolls so love Cong bashing that they have forgotten real threat of SP/BSP aliance in UP and wasting precious resources and time on non entities.,0.1941
"The legendary revolutionary who gave voice to the voicrless, gave the clarion call to overthrow capitalism. Now when Capitalism is in crisis, his ideals need to be emulated. Tribute on his death anniversary today.  President, Samajwadi Party, Odisha. ",-0.6705
SP&amp; BSP in UP and RJD in Bihar born against congress .They are not well wisher of congress.If you  assure general public of UP &amp; Bihar that you have not do alliance  with SP &amp; BSP in UP and RJD in  Bihar in future  then congress become alternative of BJP.,0.1496
AmanKayamHai_ET Mulayam Singh Yadav Ji &amp; Shivpal Yadav Ji doesn't require any support from BSP. They're the pillars of Samajwadi Party UPSamajwad Mayawati ANINewsUP aajtak,0.1134
"Congratulations to Dutee Chand winning gold in 200mtrs &amp; Jauna Murmu for Bronze in 400 mtrs hurdles in  23rd sr Federation Athletic meet Patiala. Both r pride of Odisha must be given felicitation &amp; financial rewards.  President, Samajwadi Party, Odisha. Naveen_Odisha.",0.9382
Mayawati Vote only for BSP,0
mishraji_bsp advpareshmishra bsp_unity BSP_info Mayawati Happy holi,0.5719
"VishweshwarBhat In Varanasi ...  AAP gave their seat to Congress, Congress gave it to SP, SP gave it to BSP ...BSP candidate joined BJP  Karnataka Co-Ja alliance going that way ?",0
"She is talking about ""2"" yrs of BJP rule whereas keeps lip locked for report card of 60 yrs Cong rule. The problems she's talking about are gifts of Cong, SP &amp; BSP long ruled periods... ",-0.4019
rohini_sgh sumitkashyapjha Little underestimated BJP and overvalued Cong but surely under 200 BJP and little over 100 Cong.NDA and UPA allies with others and SP+BSP+TMC will have major chunk this time.,0.5341
srivastavnitin2 drpravinverma73 sp_party_mzp RahulGandhi yadavakhilesh MamataOfficial Mayawati yadavabneeshsp AbbasAliRushdi YadayUmesh satyendra_ahir samajwadiparty They will say you are answering 'out of syllabus'.Twitter poll mein bhi fixing hi Kar sakte hain yeh samajwadi party waale...,0.4019
"Not a single vote of upper caste  should go to BSP. To save upper caste, No vote to BSP. ",0.25
yadavakhilesh SP+BSP= CONGRESS TOTALLY CRUPT CONGRESS PARTY,0.6549
"Congratulations to sachin_rt for becoming the first player this day in Cricket history to complete 100 centuries in International Cricket. BCCI ICC would hv felicitated him today to make it memorable.  President, Samajwadi Party, Odisha.",0.765
"Lok Sabha Elections 2019: Samajwadi Party announces names of four candidates, Aparna shocks.",0.0258
"2 Mayawati's stern warning to Congress: Don't spread confusionA day after the Congress said it was leaving seven Lok Sabha seats for the SP-BSP-RLD combine in UP, BSP supremo Mayawati asked the national party not to ""spread confusion""",0.6234
"We call upon all consumers on InternationalConsumersDay to fight for the rights of the consumers.  President, Samajwadi Party, Odisha.",0.0258
"Welcome the appointment of Hon'ble Justice Pinaki Chandra Ghosh FirstLokpal of India. It took 5yrs for NDA Govt to appoint Lokpal on the eve of election reflects its commitment in fighting corruption.  President, Samajwadi Party, Odisha. yadavakhilesh",0.8481
"yadavakhilesh Few days back u were also against BSP, it is just the kick of Janta u both Mayawati just came together to save ur skin rather than anything else, this shows for power u sell anything, ur values ur ideology, but mind it we will not let u sell our nation, CHOR BANDHAN",0.4497
Listen public voice and Samajwadi Party workers otherwise no attachment of public with samajwadi workers please one hand pump and one solar always given me  not because my villagers ,0.802
"BBCWorld Congratulations GretaThunberg for your fight against climate change.  President, Samajwadi Party Odisha State, India.",0.6124
NayakRagini Don't be soft on SP BSP..,0
My respected MLC only Garland Bearing not finish your work your work is Public Work public representative please some work do for public for the attachment you and Samajwadi Party I am a simple person party you are not listen my talk I am Samajwadi Party workeryadavakhilesh ,0.9287
"yadavakhilesh yadavakhilesh &amp; ShusriiMayawati ji the answer to give a historic check to the saffron brigade. All secular, social justice forces must be united to fight divisive forces.  President, Samajwadi Party, Odisha.",0.743
"Explained: Who is Pawan Kalyan and what is the Jana Sena? | Explained News, The Indian Express ",0
"3 young men working in respected Corporate sectors today joined Samajwadi Party in Odisha. I welcome Mr Sibasis Mishra, Mr Sumit Patra &amp; Mr Asish Mohanty who r inspired by the leadership of yadavakhilesh.  President, Samajwadi Party, Odisha. MediaCellSP samajwadiparty, ",0.9287
"yadavakhilesh When SP,BSP,are so much sure about their win .Why compairing with bjp &amp; why so much scared from Modi ji No matter what will happen Both SP,BSP cant touch double digit",0.2732
"kanak_news In the  Platinum Jubilee year of  Utkal University, the maffias in the name of old students were creating chaos in the campus. Congrats to the police taking tough action to bring academic peace.  President, Samajwadi Party, Odisha.",0.765
"China blocks JeM chief Masood Ajhar 4th time in UNSC declaring the dreaded terrorist a global terrorist. It's a diplomatic set back for Govt of India. Shame.  President, Samajwadi Party, Odisha",-0.9468
"After division of EastCoastZone Bhubaneswar now the Railway Board is shifting the Railway Electrical Project HQ to Bengalur. It's again an anti-Odisha move that  must be opposed.  President, Samajwadi Party, Odisha. Naveen_Odisha.PiyushGoyalOffc",0.4019
imMAK02 SanjayRajguru Kasmiri beaten by samajwadi party group with proper plan.  Now you can see his video. Leftist is very planned to spread the rumours. We are not going fall in such a trap,-0.34
"ashokepandit Meaningless rhetoric. Don't worry, Cong is no threat in UP. Change the charge to SP/BSP.",-0.7264
"Congratulations to Odia Customs officer Debi Prasad Dash of 22mouza, Biridi block, Jagatsinghpur to join WorldCustomsOrganization Chairman.  President, Samajwadi Party, Odisha.",0.7096
"Arvind Kejriwal contested against Narendra Modi in Varanasi in 2014 and faced a huge defeat. This time AAP left that seat to Congress, Congress gave it to SP, SP wants BSP to contest there, The probable BSP candidate Joined BJP--Copied...",-0.1779
"Varanasi Loksabha seat against PM Modi AAP gives it to congress, Congress gives it to SP, SP gives it to BSP, BSP candidate joins BJP.. Amethi candidate runs to Karnataka__ WeWillHandleHim",0
ArasuBahujan JAYBHIM ARCOT BSP,0
RahulGandhi sir whts r u doing now No alliance with AAP in Delhi. No alliance with the Left in Bengal. No alliance with Samajwadi and BSP in UP. No alliance with the RJD as yet in Bihar. What is the problem with the Congress? Time is running out.,-0.8591
In case you missed most important news of the day .. get it at one click in this News18LokSabhaElections2019 ElectionsWithNews18 News18Bulletin News18India News18 HindiNews ,-0.0276
"NEW DELHI: Bahujan Samaj Party ( BSP ) chief Mayawati on Wednesday announced that she will not contest the upcoming Lok Sabha elections Addressing a press conference, the BSP chief said she will focus on campaigning for the general elections.Earlier some BSP senior leaders had said that there were plans that Mayawati may contest from Nagina or Ambedkarnagar.However, her alliance partner, SP , has not commented on her decision yet.Apart from 11 joint rallies scheduled for Mayawati and Akhilesh Yadav, she will be on a whistle-stop tour of states and address close to 30 rallies for BSP across India.",0.4019
"On April 3 and 4, the BSP chief will make her southern sojourn, where she has inked electoral pacts in Andhra Pradesh and Telangana.The BSP and the SP have forged an alliance on 80 Lok Sabha seats in Uttar Pradesh .",0
"As per the deal, the SP will contest 37 Lok Sabha seats in UP and the BSP 38, leaving three for the Ajit Singh-led Rashtriya Lok Dal and two for Sonia Gandhi (Rae Bareli) and Rahul Gandhi (Amethi).",0
"BBCWorld We pay our condolences for the deceased in LdaiCyclone victims who lost their lives Mozambique Malwai Zimbbwe. Our solidarity with the people. World leaders must come forward for relief &amp; rescue.  President, Samajwadi Party Odisha State, India.",0.743
"We protested against division of EastCoastZone Bhubaneswar on 28th February for which RPF has registered a case &amp; issued a summon. We urge upon PiyushGoyalOffc CRB to withdraw the case.  President, Samajwadi Party, Odisha. Naveen_Odisha bjd_odisha.",0.296
"School children across the world must come forward  in solidarity for ClimateChangeStrike GretaThunberg to fight climatechange to save their future &amp; Mother Earth.  President, Samajwadi Party Odisha State, India.",0.6705
"yadavakhilesh yadav_pushu Yes bhaya VikasPoochhRahaHai. All these r Jumla as failed the farmers, youths &amp; above all the country.  President, Samajwadi Party, Odisha.",0.2732
Ashishboudha4 Adv_GhulamWaris BSP_OFFICE BSPLive_ BSP4Bharat BSP4UP2019 anoopboudha BspDelhi Mayawati Bahujan4India AmbedkarCaravan Alokpradhan_ He never ever said so.,0
"yadavakhilesh SUNIL_YADAV15 Yes bhaya. There should be uniform for all Chowkidars across the country.  President, Samajwadi Party, Odisha.",0.6597
My respected MLC only Garland Bearing not finish your work your work is Public Work public representative please some work do for public for the attachment you and Samajwadi Party I am a simple person party you are not listen my talk I am Samajwadi Party workeryadavakhilesh ,0.9287
"TimesNow Religion bound to play it's role in election because all political parties sp,bsp,tmc,aidmk,aimem, Congress involves in caste politics which far more danger &amp; without it they will not exists",0.1045
"WorldWaterRiceDay congratulations to all my Brothers and Sisters of Odisha on World Water Rice Day today. Pakhala is a part of  JagnnathCulture &amp; all Odias poor or rich like to take it in summer. It's poorman's food.  President, Samajwadi Party, Odisha.",0.8625
"g1kamble29 Bahujanhitay72 Salute to you.BSP chief is also committed to Buddhism. In fact, she is a follower of Buddhism. If a Hindu comes to you and wish you a happy Holi, what will you do? Will you wish him the same or admonish him?",0.89
Listen public voice and Samajwadi Party workers otherwise no attachment of public with samajwadi workers please one hand pump and one solar always given me  not because my villagersyadavakhilesh samajwadiparty ,0.802
"abdulrub_ansari Hon'ble Netaji Pranam. U r absolutely right, nobody can stop the march of SP-BSP to Delhi.  President, Samajwadi Party, Odisha.",0.128
"jacindaardern iamsuffian1 We pay our deepest condolences to the deceased people. May their souls rest in peace. Time has come for World Leaders to unite against terrorism. Our solidarity with u madam.  President, Samajwadi Party Odisha State, India.",0.34
"RahulGandhi read this thread and do some introspection. priyankagandhi The STOopid haughtyness that your party, TMC , SP, BSP are showing by cutting out each other is turning a 58 yo congress supporter to reasses his political stance. We liberals are DEAD if you guys screw up ",-0.4824
ElectionIn Please note the BSP Supremo Mayawati statement that she will get her elected MP to vacate seat for her. Kindly order that no by-election will be held till term end in such cases. Representatives to be penalised.,0.7351
"Lok Sabha Elections 2019: Samajwadi Party announces names of four candidates, Aparna shocks.",0.0258
BSP chief Mayawati on Wednesday declared that she will not contest the LokSabhaElections2019 and asked party activists not to get disheartened over her decision as there were legal provisions for her to get elected within 6 months. | Mayawati BSP4mayawati RTBengalNewzHindi,0.703
"Bahujan Samaj Party (BSP) leader Chandraprakash Mishra, who contested against Congress President Rahul Gandhi in Amethi in 2004, on Wednesday joined the Bharatiya Janata Party.Mishra was inducted into the party in the presence of Union Ministers Smriti Irani and J.P. Nadda.",0.6597
"Congratulations to all my Brothers and Sisters of Odisha on the auspicious occasion of Dola Purnima. May Lord Radha - Krishna shower their blessings for peace &amp; prosperity.  President, Samajwadi Party, Odisha. Naveen_Odisha ",0.9274
"PNB scamster Nirav Modi arrested in London. Finally public opinion compelled Modi Govt to arrest him on the eve of election.  President, Samajwadi Party, Odisha.",-0.3818
"Jawans martyred,blame the Govt for insufficient security. Govt Avenges the Pulwama attacks,blame the Govt for killing the jawans ,question the surgical strikes. Samajwadi party to be renamed stupid senseless party..EndPulwamaPolitics",-0.7351
"Varanasi Loksabha seat against PM Modi, AAP gives it to congress, Congress gives it to SP, SP gives it to BSP, BSP candidate joins BJP. Too much fun! ",0.5562
"Congratulations to CRPF on its 80thFoundationDay. The country salutes the martyrs of CRPF JammuAndKashmir PulwamaTerroristAttack &amp; stands in solidarity with the jawans.  President, Samajwadi Party, Odisha.",0.8316
Kasheer_suneel SanghiByDefault Hv they brought out lists of candidates? SP &amp; BSP?,0
"Professor Ali Khan, Samajwadi Party will be adressing on Manifesto of UAH at Constitution Club on 18th March 2pmUnitedAgainstHateUAH_India",0.4019
"Neomi_Rao congratulations to you for being appointed as a judge in USA. India is proud of U madam.  President, Samajwadi Party Odisha State, India.",0.8658
"RahulGandhi This is my next tweet. 1) Plz don't field the Congress candidates in S P contesting seats, if you put the candidate then Seculara votes will be split and BJP will win. 2) Filed Congress candidates where BSP is fielding candidates and seek support of Akhilesh and Bhim Army chief.",0.7783
"samajwadiparty NareshUttamSP Welcome.  President, Samajwadi Party, Odisha",0.6908
"achyuta_samanta the_hindu Congratulations sir for Change Maker award by Dr.ManmohanSingh.  President, Samajwadi Party, Odisha.",0.8779
LokSabhaElections2019 :      !And if hanged parliament came in existence then what you will do if you receive the opportunity to be PM. My suggestion get elected !,0.5242
"RahulGandhi Triangular fight is big blow to SP, BSP and Congress. the reason is secular votes will be split among these three parts.",-0.3818
"REETUPARNA5 ritusoni80 divyaspandana smritiirani Fact Check on Amethi from where RahulGandhi has been elected for 15yrs ""Congress &amp; BSP DIDNT do anything for Dalits. Now BJP has given us houses, gas connection.Amethi Will vote for smritiirani as its BJP which is doing all development work"" Amethi SmritiForAmethi",0
"kunalkamra88 Is it only the Congress party's responsibility.What about party's like bsp ,sp who occupied the chair of CM up with the help of BJP? Analysts like u only know Congress bashing. Why do u not question behan ji and Yadav? Cong has   stitched alliance in Mah JK krnt Jhknd",0.8655
Modi Says Congress BSP SP AAP TMCShivSena RJD all Chore and Modi Is Chowkidaar only.Why He and His BJP Not Declared Chores?Modi is International Chore and many in BJP are Culprits and Criminals and Modi Does not want to Take Action He is hiding The Reality.,-0.7288
RahulGandhi sir whts r u doing now No alliance with AAP in Delhi. No alliance with the Left in Bengal. No alliance with Samajwadi and BSP in UP. No alliance with the RJD as yet in Bihar. What is the problem with the Congress? Time is running out.,-0.8591
"Congratulations to Odia Customs officer Debi Prasad Dash of 22mouza, Biridi block, Jagatsinghpur to join WorldCustomsOrganization Chairman.  President, Samajwadi Party, Odisha.",0.7096
"Uma Bharti offers her mobile number as an emergency contact to Mayawati. Says, Next time, Samajwadi party goons attack Mayawati, she can reach out to me as there is no Brahm Dutt Dwivedi to rescue her this time.Umabharti  Mayawati  AkhileshyadavYogiadityanath",-0.128
"I have said 2014 and 2019 , media always overate BSP and underate SP. Other than muslim voters ,SP vote will shift to BJP not BSP , in the end she will be end up surrendering her core vote bank permanently to SP.",0
"RahulGandhi 3) If you does so then SP and Congress will win more seats, the BJP and BSP will lose in majority constituencies in U P.  Plz work out in this way with inner understanding with Akholesh.",0.34
"49% weightage to ""Others"" that do not include SP BSP TDP TMC? Ok. Dil ke khush rakhne ko khayal accha hai. ",0.296
"We demanded inquiry by Human rights Commission into Vedanta firing.  President, Samajwadi Party, Odisha. ",-0.1531
BSP Chief Mayawati won't contest the loksabha polls.,0
I will not contest Lok Sabha elections: BSP chief Mayawati ,0
"3 young men working in respected Corporate sectors today joined Samajwadi Party in Odisha. I welcome Mr Sibasis Mishra, Mr Sumit Patra &amp; Mr Asish Mohanty who r inspired by the leadership of yadavakhilesh.  President, Samajwadi Party, Odisha. MediaCellSP samajwadiparty, ",0.9287
She is sure to get defeated! ,-0.2714
"I_am_Anil_Tyagi Congress _ 15.   Sp ,_ bsp _40 bjp_25",0
"Best wishes to all my Brothers and Sisters of Samajwadi Family for a happy Holi.  President, Samajwadi Party, Odisha. yadavakhilesh MediaCellSP samajwadiparty SpNewsPortal. ",0.9042
"After division of EastCoastZone Bhubaneswar now the Railway Board is shifting the Railway Electrical Project HQ to Bengalur. It's again an anti-Odisha move that  must be opposed.  President, Samajwadi Party, Odisha. Naveen_Odisha.PiyushGoyalOffc",0.4019
"Call drop is a menace today. As election process is going on ECI OdishaCeo most convene a meeting of mobile service providers for smooth network.  President, Samajwadi Party, Odisha.",-0.3818
yadavakhilesh I m already support to Samajwadi Party . My uncle MR. Dinesh Chandra Verma S/O Late Dr. Dhaniram Verma ... In Samajwadi Party ....,0.7964
"NavrozMubarak to the brothers and sisters of Persian community.  President, Samajwadi Party, Odisha.",0.4019
"Best wishes to all my Brothers and Sisters of Odisha on the occasion of Holi.  President, Samajwadi Party, Odisha. ",0.8176
srivastavnitin2 drpravinverma73 sp_party_mzp RahulGandhi yadavakhilesh MamataOfficial Mayawati yadavabneeshsp AbbasAliRushdi YadayUmesh satyendra_ahir samajwadiparty They will say you are answering 'out of syllabus'.Twitter poll mein bhi fixing hi Kar sakte hain yeh samajwadi party waale...,0.4019
"Welcome the appointment of Hon'ble Justice Pinaki Chandra Ghosh FirstLokpal of India. It took 5yrs for NDA Govt to appoint Lokpal on the eve of election reflects its commitment in fighting corruption.  President, Samajwadi Party, Odisha. yadavakhilesh",0.8481
Seems currency worth crores recovered from the car belonging to a legislator of Samajwadi Party. ... ,0.5574
"Vote split ahead as SP&amp;BSP tie up for all 48 seats in M'rashtraMuslim votes in the state may get split and spell trouble for the Congress-NCP's alliance as the Samajwadi Party (SP) and AIMIM have aligned with Dalit groups, turning the contest three-cornered in many seats. ",0
"Aban__Ind Lol which means they are tacitly in alliance with congress SP, BSP, YSRCP et all. Kuch bhi mat bola karo yaar.",0.4215
No alliance with AAP in Delhi. No alliance with the Left in Bengal. No alliance with Samajwadi and BSP in UP. No alliance with the RJD  in Bihar.Congress has become political untouchables.Time for serious introspection for once a formidable party.,-0.6597
savvyasaachi xyz_varun Muslim votes r sp bsp biggest fear. Even today muslims relate to cong. There is a huge possibility of muslim vote going 70 to sp bsp n 30 to congress.This will be a huge dent to mgb,0.1027
Caution for Congress: Vote split ahead as SP and BSP tie up for all 48 seats ,0
Destiny is taking Net Ram IAS 1079 batch where he deserves to be and the day is not far when our respected bahan Mayawati &amp; many others in BSP will also follow him for their loots during her regime ,0.4767
GOI needs to arrest Ram Gopal Yadav of Samajwadi Party who is spreading manufactured fake news reg pulwama. This is serious and should he not be arrested!? rajnathsingh PMOIndia KiranRijiju,-0.5255
g1kamble29 Bahujanhitay72 Social change is gradual. It's not that bahujan people would start following Buddhism overnight. Even Baba Saheb Ambedkar took 20 years to ceremonially adopt Buddhism. BSP is doing a lot to resurrect Buddhism.,0.1779
myogiadityanath UPGovt Are you having plan to complete the flyover on Loco bridge of Moradabad. From last 4 years localities of Mbd are seeing this in same position &amp; seeing heavy traffic jams. If Yogi government is different from SP/BSP this would have been completed till now ,0
"Congress should strike alliance with SP &amp; BSP, it will make BJP to single digit,congress should aim for atleast 10.",-0.128
For this MP election samajwadi party declared from nanded district candidate  Abdul Samad Abdul Karim sahab ,0.4019
BSP will contest in Odisha to win seats says Krushna Chandra Sagaria .Click on this webcast by ETV Bharat Odia to learn more .,0.5859
AmanKayamHai_ET Mulayam Singh Yadav Ji &amp; Shivpal Yadav Ji doesn't require any support from BSP. They're the pillars of Samajwadi Party UPSamajwad Mayawati ANINewsUP aajtak,0.1134
"Our tribute to Ist Indian astronaut Kalpana Chawla on her birthday today. She continues to inspire us even today.  President, Samajwadi Party, Odisha. ",0.7506
"Congratulations to sachin_rt for becoming the first player this day in Cricket history to complete 100 centuries in International Cricket. BCCI ICC would hv felicitated him today to make it memorable.  President, Samajwadi Party, Odisha.",0.765
"our nation will be richest one in d world,if one caste&amp;one religion must be applied i.e.Manav is our caste:Insaniyat is our ReligionINCIndia bjp4india AamAadmiParty samajwadiparty BSP irvpaswan ShivSena RJDforIndia AjitSinghRLD asadowaisi RSSorg PMOIndia r u agree",0.7096
"All UP people should show Sp,BSP their worth. They need to be faithful to the country,rather than Party. ",0.7579
"Hailstorm with rain lashed Coastal Odisha for which thatched houses, standing vegetable crops destroyed. Naveen_Odisha CMO_Odisha  direct SRC_Odisha /collectors to assess the situation for immediate compensation .  President, Samajwadi Party, Odisha.",-0.128
Priyanka Vadra said on Tuesday that nothing was done in past 70 ,0
"VinodBDude rajakumaari Are u kidding BSP 40 impossible, and TMC is also not easy, but 8 agree they are in the PM race",-0.4885
"Congratulations to Dutee Chand winning gold in 200mtrs &amp; Jauna Murmu for Bronze in 400 mtrs hurdles in  23rd sr Federation Athletic meet Patiala. Both r pride of Odisha must be given felicitation &amp; financial rewards.  President, Samajwadi Party, Odisha. Naveen_Odisha.",0.9382
yadavtejashwi It will be political suicidal move if you make alliance with Congress rather than BSP.,-0.6705
Mayawati Jai Bhim money baby,0
INCIndia promised Akhilesh to break Mayawati and then join Congress Instead of SP so RahulGandhi Can become PM ,0.5719
"our nation will be richest one in d world,if one caste&amp;one religion must be applied i.e. Manav is our caste:Insaniyat is ourReligionINCIndia bjp4india AamAadmiParty samajwadiparty sushrimayawati satishcmisra bsp irvpaswan ShivSena RJDforIndia AjitSinghRLD asadowaisi",0.5267
CNNnews18 ArvindKejriwal rupashreenanda shreyadhoundial I m also chowkidar 2 stop people like SP BSP aap looting the country,0.0772
"Good gossip , same behen ji who is out of power of 10 years in up and won not a single seat in 2014, no issues this wont effect us a bit for saying the truth about Behenji. If she performs badly this time ,there wont be any BSP left for 2022 UP elections ",0.4404
"Naveen_Odisha we welcome ur decision for not celebrating Holi2019 as tribute in memory of Pulwama martyrs.  President, Samajwadi Party, Odisha.",0.4023
Great Decision By Mayawathi BSP ,0.6249
"Congratulations to Naveen_Odisha for filling nomination from Hinjili Assembly Constituency today OdishaElections2019.  President, Samajwadi Party, Odisha. bjd_odisha.",0.765
"SP-BSP - RLD Alliance can change the narrative of Indian politics. Let us unite for a change of Govt at the Centre.  President, Samajwadi Party, Odisha. yadavakhilesh ShusriiMayawati MediaCellSP ",0.4019
RC_Shukl HUM NAHEEN BANT JAATEY HAIN BUT POLITICAL PARTIES WHO NO POLICIES &amp; PROGRAMS push ppl into cast creed &amp; religion like BSP/SP //RJD /CONGRESS  etc. leaving behind development ? It is bcoz ppl R uneducated by n large n get carried away by caste considerations ?,0.6553
"ShatruganSinha Congress &amp; AAP, SP &amp; BSP , Mamata&amp; Left, TDP&amp; Congress joining is Maha milavat Maha dramebaaj ji. Not more number of parties joining. You r becoming like pappu after joining him",0.6155
punjab_bsp AmbedkaBahadur BSPSupporterl Mayawati Great job,0.6249
mishraji_bsp advpareshmishra bsp_unity BSP_info Mayawati Happy holi,0.5719
"Republic_Bharat Jae she Mohammad has taken responsibility for PULBAMA attack, UN has Named Jae she Mohammad for PULBAMA attack. Samajwadi Party leaders yadavakhilesh are saying PULBAMA was conspiracy....Media.",-0.5423
Swamy39 wizardlnt Guruji if narendramodi wants to be anywhere near Majority then UP is the key.With SP+BSP it would be tough for BJP but if you are been given LS ticket from Ayodhya Hindus not only in UP but across India would be charged up and only this can cover Eco &amp;Anti Corruption Mess,-0.6908
Listen public voice and Samajwadi Party workers otherwise no attachment of public with samajwadi workers please one hand pump and one solar always given me  not because my villagers ,0.802
"rssurjewala Varanasi Loksabha seat against PM Modi, AAP gives it to congress, Congress gives it to SP, SP gives it to BSP, BSP candidate joins BJP. Too much fun! ",0.5562
"Our deepest condolences on the untimely demise of Goa Chief Minister Sri Manohar Parrikar. India last a young intellectual politician.  President, Samajwadi Party, Odisha. BJP4India. ",0.7184
"There should be 2-3parties in the country, the local parties are the main reason for nondevelopment of country  MamataOfficial AamAadmiParty samajwadi jantadal laluprasadrjd ncbn BJP4India INCIndia public  have to vote for party, whose candidates fighting in all states",0.4404
For this MP election samajwadi party declared from nanded district candidate  Abdul Samad Abdul Karim sahab ,0.4019
srivastavnitin2 drpravinverma73 sp_party_mzp RahulGandhi yadavakhilesh MamataOfficial Mayawati yadavabneeshsp AbbasAliRushdi YadayUmesh satyendra_ahir samajwadiparty They will say you are answering 'out of syllabus'.Twitter poll mein bhi fixing hi Kar sakte hain yeh samajwadi party waale...,0.4019
GOI needs to arrest Ram Gopal Yadav of Samajwadi Party who is spreading manufactured fake news reg pulwama. This is serious and should he not be arrested!? rajnathsingh PMOIndia KiranRijiju,-0.5255
Listen public voice and Samajwadi Party workers otherwise no attachment of public with samajwadi workers please one hand pump and one solar always given me  not because my villagersyadavakhilesh samajwadiparty ,0.802
Neeraj_2019 Apnadal edge over SP+BSP candidate. IncNiku ji   also... Triangular contest....,0
"Call drop is a menace today. As election process is going on ECI OdishaCeo most convene a meeting of mobile service providers for smooth network.  President, Samajwadi Party, Odisha.",-0.3818
"yadavakhilesh yadav_pushu Yes bhaya VikasPoochhRahaHai. All these r Jumla as failed the farmers, youths &amp; above all the country.  President, Samajwadi Party, Odisha.",0.2732
"Congratulations to CRPF on its 80thFoundationDay. The country salutes the martyrs of CRPF JammuAndKashmir PulwamaTerroristAttack &amp; stands in solidarity with the jawans.  President, Samajwadi Party, Odisha.",0.8316
VOTE FOR Only BSP ,0
"Congratulations to all my Brothers and Sisters of Odisha on the auspicious occasion of Dola Purnima. May Lord Radha - Krishna shower their blessings for peace &amp; prosperity.  President, Samajwadi Party, Odisha. Naveen_Odisha ",0.9274
"Naveen_Odisha we welcome ur decision for not celebrating Holi2019 as tribute in memory of Pulwama martyrs.  President, Samajwadi Party, Odisha.",0.4023
"WorldWaterDay save water save life. Make rational use of water for the use of next generation as water is precious &amp; the world is going to face water crisis.  President, Samajwadi Party, Odisha.",0.8271
"yadavakhilesh SUNIL_YADAV15 Yes bhaya. There should be uniform for all Chowkidars across the country.  President, Samajwadi Party, Odisha.",0.6597
"We protested against division of EastCoastZone Bhubaneswar on 28th February for which RPF has registered a case &amp; issued a summon. We urge upon PiyushGoyalOffc CRB to withdraw the case.  President, Samajwadi Party, Odisha. Naveen_Odisha bjd_odisha.",0.296
"devconsultgroup JamalJumla NITINKML But the lesser you contest the more you win. BSP contested 80 last time &amp; won a zero as big as an ostrich's egg. Now, they r contestng 38 &amp; will win around 25 seats. In 2010 Bihar polls, INC contsted 243 &amp; won 4. In 2015, INC contsted 40 &amp; won 26! LESSER YOU CONTEST, MORE YOU WIN",0.98
"abdulrub_ansari Hon'ble Netaji Pranam. U r absolutely right, nobody can stop the march of SP-BSP to Delhi.  President, Samajwadi Party, Odisha.",0.128
IndianExpress Who can be more fashionable  then Mayawati  BSP   P,0
"BSP IS A PARTY OF CASTEISM EXPANSION. BRAIN OF SC, ST WAS ON 7TH SKY IN MAYAWATI RULE IN U. P. NO VALUE OF LAW IN HER REGION IN U. P.  SAMAJWADI PARTY RULE IN U. P. WAS NOT ALSO GOOD.THIS PARTY IS PROTECTOR OF MUSLIM CRIMINALS. NO LAW FOR MUSLIM DURING S. P. REGION. NEGLECT THEM. ",-0.1531
"PNB scamster Nirav Modi arrested in London. Finally public opinion compelled Modi Govt to arrest him on the eve of election.  President, Samajwadi Party, Odisha.",-0.3818
"Congratulations to sachin_rt for becoming the first player this day in Cricket history to complete 100 centuries in International Cricket. BCCI ICC would hv felicitated him today to make it memorable.  President, Samajwadi Party, Odisha.",0.765
"Hailstorm with rain lashed Coastal Odisha for which thatched houses, standing vegetable crops destroyed. Naveen_Odisha CMO_Odisha  direct SRC_Odisha /collectors to assess the situation for immediate compensation .  President, Samajwadi Party, Odisha.",-0.128
"Best wishes to all my Brothers and Sisters of Samajwadi Family for a happy Holi.  President, Samajwadi Party, Odisha. yadavakhilesh MediaCellSP samajwadiparty SpNewsPortal. ",0.9042
"WorldWaterRiceDay congratulations to all my Brothers and Sisters of Odisha on World Water Rice Day today. Pakhala is a part of  JagnnathCulture &amp; all Odias poor or rich like to take it in summer. It's poorman's food.  President, Samajwadi Party, Odisha.",0.8625
"Congratulations to Odia Customs officer Debi Prasad Dash of 22mouza, Biridi block, Jagatsinghpur to join WorldCustomsOrganization Chairman.  President, Samajwadi Party, Odisha.",0.7096
"decision2019 IndianExpress He should do 50 rally if BJP wants to get some face saving number of seats from UP. BSP -SP combine, Congress &amp; other Opp are looking much stronger. Misuse of Armed Forces brave actions will not get votes. It use by date fading.Real issues will.",0.743
I believe Gautum Buddha Nagar (up) will be won by bsp.,0.5719
Shameful of Samajwadi party' ,-0.128
MrSinha_ IntolerantMano2 *Uttar Pardesh LS result 2019*Correction :BJP - 72SP - 7BSP - 0Congress - 0Apna dal - 1Save this tweet.,0
"Jawans martyred,blame the Govt for insufficient security. Govt Avenges the Pulwama attacks,blame the Govt for killing the jawans ,question the surgical strikes. Samajwadi party to be renamed stupid senseless party..EndPulwamaPolitics",-0.7351
"Congratulations to Naveen_Odisha for filling nomination from Hinjili Assembly Constituency today OdishaElections2019.  President, Samajwadi Party, Odisha. bjd_odisha.",0.765
"BBCWorld We pay our condolences for the deceased in LdaiCyclone victims who lost their lives Mozambique Malwai Zimbbwe. Our solidarity with the people. World leaders must come forward for relief &amp; rescue.  President, Samajwadi Party Odisha State, India.",0.743
_SatyamMishra ParaRjs NO PANDIT JI NOSAME LOGIC IS NOT APPLICABLE HEREBRAHMINS DIRTY JOB STARTED MUCH EARLIER THAN MUSLIMS RAIDED INDIAPL CHECK HISTORICAL FACTSIT STIL GOES ON UNABATEDNO WONDER KANSI RAM &amp; MAYAVATI (BSP) GOT SUPPORT OF MAL TREATED COMMUNITIESEVEN TODAY 15%BRAHMINS HOLD 60%JOB,0.5344
"Congratulations to Dutee Chand winning gold in 200mtrs &amp; Jauna Murmu for Bronze in 400 mtrs hurdles in  23rd sr Federation Athletic meet Patiala. Both r pride of Odisha must be given felicitation &amp; financial rewards.  President, Samajwadi Party, Odisha. Naveen_Odisha.",0.9382
"Now media perception is ineptibility or inability of RaGa and Congress party in forging alliance with them. Comments of BSP supremo ""Rasshi Jal Goyee Por Bol Nehi Goyee"" .",0.4404
"Saheed-E-Azam Bhagat Singh 27th September 1907-23rdMarch1931 revolutionary, Socialist thinker, martyr hanged by British in Lahore jail. President, Samajwadi Party, Odisha. ",0.4019
My respected MLC only Garland Bearing not finish your work your work is Public Work public representative please some work do for public for the attachment you and Samajwadi Party I am a simple person party you are not listen my talk I am Samajwadi Party workeryadavakhilesh ,0.9287
"We demanded inquiry by Human rights Commission into Vedanta firing.  President, Samajwadi Party, Odisha. ",-0.1531
Listen public voice and Samajwadi Party workers otherwise no attachment of public with samajwadi workers please one hand pump and one solar always given me  not because my villagers ,0.802
News18India AadilBoparai zaidicpi What Samajwadi this Bhadoria belongs to NALKA CHOR PARTY,0.5319
yadavakhilesh I m already support to Samajwadi Party . My uncle MR. Dinesh Chandra Verma S/O Late Dr. Dhaniram Verma ... In Samajwadi Party ....,0.7964
"Our tribute to Ist Indian astronaut Kalpana Chawla on her birthday today. She continues to inspire us even today.  President, Samajwadi Party, Odisha. ",0.7506
"NavrozMubarak to the brothers and sisters of Persian community.  President, Samajwadi Party, Odisha.",0.4019
"Neomi_Rao congratulations to you for being appointed as a judge in USA. India is proud of U madam.  President, Samajwadi Party Odisha State, India.",0.8658
"Delhi is a funny place where a CM with 67 seats begs to a party for alliance with 0 seats &amp;more funnier is party with 0 seats rejects that offer..Varanasi LS  seat against PM Modi AAP gives to INC, INC gives to SP, SP gives it to BSP, BSP candidate joins BJP. ",0.7783
"jacindaardern iamsuffian1 We pay our deepest condolences to the deceased people. May their souls rest in peace. Time has come for World Leaders to unite against terrorism. Our solidarity with u madam.  President, Samajwadi Party Odisha State, India.",0.34
"umasudhir very correct....joining hands  with BSP is also another bloomer....his inexperience shows, wonder who is advising him.",0
"Best wishes to all my Brothers and Sisters of Odisha on the occasion of Holi.  President, Samajwadi Party, Odisha. ",0.8176
"Vote split ahead as SP&amp;BSP tie up for all 48 seats in M'rashtraMuslim votes in the state may get split and spell trouble for the Congress-NCP's alliance as the Samajwadi Party (SP) and AIMIM have aligned with Dalit groups, turning the contest three-cornered in many seats. ",0
t_d_h_nair ghanshyamtiwari Benarasiyaa Must be Congress workers with Saffron dress like last time in Lucknow where Samajwadi Party workers dressed in Saffron attacked Kashmiri vendors.,0.296
"samajwadiparty NareshUttamSP Welcome.  President, Samajwadi Party, Odisha",0.6908
"Professor Ali Khan, Samajwadi Party will be adressing on Manifesto of UAH at Constitution Club on 18th March 2pmUnitedAgainstHateUAH_India",0.4019
"School children across the world must come forward  in solidarity for ClimateChangeStrike GretaThunberg to fight climatechange to save their future &amp; Mother Earth.  President, Samajwadi Party Odisha State, India.",0.6705
Please confirm your knowledgeBSP candidate form bijnor M.r Nagar ,0.3182
"There should be 2-3parties in the country, the local parties are the main reason for nondevelopment of country  MamataOfficial AamAadmiParty samajwadi jantadal laluprasadrjd ncbn BJP4India INCIndia public  have to vote for party, whose candidates fighting in all states",0.4404
"Our deepest condolences on the untimely demise of Goa Chief Minister Sri Manohar Parrikar. India last a young intellectual politician.  President, Samajwadi Party, Odisha. BJP4India. ",0.7184
"Republic_Bharat Jae she Mohammad has taken responsibility for PULBAMA attack, UN has Named Jae she Mohammad for PULBAMA attack. Samajwadi Party leaders yadavakhilesh are saying PULBAMA was conspiracy....Media.",-0.5423
"Welcome the appointment of Hon'ble Justice Pinaki Chandra Ghosh FirstLokpal of India. It took 5yrs for NDA Govt to appoint Lokpal on the eve of election reflects its commitment in fighting corruption.  President, Samajwadi Party, Odisha. yadavakhilesh",0.8481
No alliance with AAP in Delhi. No alliance with the Left in Bengal. No alliance with Samajwadi and BSP in UP. No alliance with the RJD  in Bihar.Congress has become political untouchables.Time for serious introspection for once a formidable party.,-0.6597
I believe Meerut (UP) will be won by BSP.,0.5719
"3 young men working in respected Corporate sectors today joined Samajwadi Party in Odisha. I welcome Mr Sibasis Mishra, Mr Sumit Patra &amp; Mr Asish Mohanty who r inspired by the leadership of yadavakhilesh.  President, Samajwadi Party, Odisha. MediaCellSP samajwadiparty, ",0.9287
"We pay our deepest tribute to the great Socialist, crusader of social justice &amp; founder of Socialist Party Dr RamManohar Lohia on his birthday today.  President, Samajwadi Party, Odisha. yadavakhilesh MediaCellSP SPDigitalForce SamajwadiParty. ",0.91
Please confirm your knowledgeBSP candidate form bijnor M.r Nagar ,0.3182
"Congratulations to sachin_rt for becoming the first player this day in Cricket history to complete 100 centuries in International Cricket. BCCI ICC would hv felicitated him today to make it memorable.  President, Samajwadi Party, Odisha.",0.765
"Best wishes to all my Brothers and Sisters of Samajwadi Family for a happy Holi.  President, Samajwadi Party, Odisha. yadavakhilesh MediaCellSP samajwadiparty SpNewsPortal. ",0.9042
"Now media perception is ineptibility or inability of RaGa and Congress party in forging alliance with them. Comments of BSP supremo ""Rasshi Jal Goyee Por Bol Nehi Goyee"" .",0.4404
"Congratulations to Naveen_Odisha for filling nomination from Hinjili Assembly Constituency today OdishaElections2019.  President, Samajwadi Party, Odisha. bjd_odisha.",0.765
"3 young men working in respected Corporate sectors today joined Samajwadi Party in Odisha. I welcome Mr Sibasis Mishra, Mr Sumit Patra &amp; Mr Asish Mohanty who r inspired by the leadership of yadavakhilesh.  President, Samajwadi Party, Odisha. MediaCellSP samajwadiparty, ",0.9287
"Congratulations to CRPF on its 80thFoundationDay. The country salutes the martyrs of CRPF JammuAndKashmir PulwamaTerroristAttack &amp; stands in solidarity with the jawans.  President, Samajwadi Party, Odisha.",0.8316
"yadavakhilesh SUNIL_YADAV15 Yes bhaya. There should be uniform for all Chowkidars across the country.  President, Samajwadi Party, Odisha.",0.6597
"School children across the world must come forward  in solidarity for ClimateChangeStrike GretaThunberg to fight climatechange to save their future &amp; Mother Earth.  President, Samajwadi Party Odisha State, India.",0.6705
"We demanded inquiry by Human rights Commission into Vedanta firing.  President, Samajwadi Party, Odisha. ",-0.1531
"Congratulations to Dutee Chand winning gold in 200mtrs &amp; Jauna Murmu for Bronze in 400 mtrs hurdles in  23rd sr Federation Athletic meet Patiala. Both r pride of Odisha must be given felicitation &amp; financial rewards.  President, Samajwadi Party, Odisha. Naveen_Odisha.",0.9382
IndianExpress Who can be more fashionable  then Mayawati  BSP   P,0
"Vote split ahead as SP&amp;BSP tie up for all 48 seats in M'rashtraMuslim votes in the state may get split and spell trouble for the Congress-NCP's alliance as the Samajwadi Party (SP) and AIMIM have aligned with Dalit groups, turning the contest three-cornered in many seats. ",0
"Jawans martyred,blame the Govt for insufficient security. Govt Avenges the Pulwama attacks,blame the Govt for killing the jawans ,question the surgical strikes. Samajwadi party to be renamed stupid senseless party..EndPulwamaPolitics",-0.7351
"There should be 2-3parties in the country, the local parties are the main reason for nondevelopment of country  MamataOfficial AamAadmiParty samajwadi jantadal laluprasadrjd ncbn BJP4India INCIndia public  have to vote for party, whose candidates fighting in all states",0.4404
"samajwadiparty NareshUttamSP Welcome.  President, Samajwadi Party, Odisha",0.6908
yadavakhilesh I m already support to Samajwadi Party . My uncle MR. Dinesh Chandra Verma S/O Late Dr. Dhaniram Verma ... In Samajwadi Party ....,0.7964
My respected MLC only Garland Bearing not finish your work your work is Public Work public representative please some work do for public for the attachment you and Samajwadi Party I am a simple person party you are not listen my talk I am Samajwadi Party workeryadavakhilesh ,0.9287
MrSinha_ IntolerantMano2 *Uttar Pardesh LS result 2019*Correction :BJP - 72SP - 7BSP - 0Congress - 0Apna dal - 1Save this tweet.,0
_SatyamMishra ParaRjs NO PANDIT JI NOSAME LOGIC IS NOT APPLICABLE HEREBRAHMINS DIRTY JOB STARTED MUCH EARLIER THAN MUSLIMS RAIDED INDIAPL CHECK HISTORICAL FACTSIT STIL GOES ON UNABATEDNO WONDER KANSI RAM &amp; MAYAVATI (BSP) GOT SUPPORT OF MAL TREATED COMMUNITIESEVEN TODAY 15%BRAHMINS HOLD 60%JOB,0.5344
"umasudhir very correct....joining hands  with BSP is also another bloomer....his inexperience shows, wonder who is advising him.",0
cpimspeak apcpim U fools that was Modi stroke to destroy Power of cash rich Congress &amp; BSP leaders in uttarpradesh elections 3 Year back ChowkidarNahiRozgaarChahiye,-0.4767
Listen public voice and Samajwadi Party workers otherwise no attachment of public with samajwadi workers please one hand pump and one solar always given me  not because my villagers ,0.802
"Best wishes to all my Brothers and Sisters of Odisha on the occasion of Holi.  President, Samajwadi Party, Odisha. ",0.8176
"decision2019 IndianExpress He should do 50 rally if BJP wants to get some face saving number of seats from UP. BSP -SP combine, Congress &amp; other Opp are looking much stronger. Misuse of Armed Forces brave actions will not get votes. It use by date fading.Real issues will.",0.743
srivastavnitin2 drpravinverma73 sp_party_mzp RahulGandhi yadavakhilesh MamataOfficial Mayawati yadavabneeshsp AbbasAliRushdi YadayUmesh satyendra_ahir samajwadiparty They will say you are answering 'out of syllabus'.Twitter poll mein bhi fixing hi Kar sakte hain yeh samajwadi party waale...,0.4019
"Congratulations to Odia Customs officer Debi Prasad Dash of 22mouza, Biridi block, Jagatsinghpur to join WorldCustomsOrganization Chairman.  President, Samajwadi Party, Odisha.",0.7096
"Call drop is a menace today. As election process is going on ECI OdishaCeo most convene a meeting of mobile service providers for smooth network.  President, Samajwadi Party, Odisha.",-0.3818
Shameful of Samajwadi party' ,-0.128
"Delhi is a funny place where a CM with 67 seats begs to a party for alliance with 0 seats &amp;more funnier is party with 0 seats rejects that offer..Varanasi LS  seat against PM Modi AAP gives to INC, INC gives to SP, SP gives it to BSP, BSP candidate joins BJP. ",0.7783
t_d_h_nair ghanshyamtiwari Benarasiyaa Must be Congress workers with Saffron dress like last time in Lucknow where Samajwadi Party workers dressed in Saffron attacked Kashmiri vendors.,0.296
"Neomi_Rao congratulations to you for being appointed as a judge in USA. India is proud of U madam.  President, Samajwadi Party Odisha State, India.",0.8658
"Congratulations to all my Brothers and Sisters of Odisha on the auspicious occasion of Dola Purnima. May Lord Radha - Krishna shower their blessings for peace &amp; prosperity.  President, Samajwadi Party, Odisha. Naveen_Odisha ",0.9274
"We pay our deepest tribute to the great Socialist, crusader of social justice &amp; founder of Socialist Party Dr RamManohar Lohia on his birthday today.  President, Samajwadi Party, Odisha. yadavakhilesh MediaCellSP SPDigitalForce SamajwadiParty. ",0.91
"NavrozMubarak to the brothers and sisters of Persian community.  President, Samajwadi Party, Odisha.",0.4019
News18India AadilBoparai zaidicpi What Samajwadi this Bhadoria belongs to NALKA CHOR PARTY,0.5319
"Hailstorm with rain lashed Coastal Odisha for which thatched houses, standing vegetable crops destroyed. Naveen_Odisha CMO_Odisha  direct SRC_Odisha /collectors to assess the situation for immediate compensation .  President, Samajwadi Party, Odisha.",-0.128
"Welcome the appointment of Hon'ble Justice Pinaki Chandra Ghosh FirstLokpal of India. It took 5yrs for NDA Govt to appoint Lokpal on the eve of election reflects its commitment in fighting corruption.  President, Samajwadi Party, Odisha. yadavakhilesh",0.8481
"Saheed-E-Azam Bhagat Singh 27th September 1907-23rdMarch1931 revolutionary, Socialist thinker, martyr hanged by British in Lahore jail. President, Samajwadi Party, Odisha. ",0.4019
I believe Meerut (UP) will be won by BSP.,0.5719
"WorldWaterDay save water save life. Make rational use of water for the use of next generation as water is precious &amp; the world is going to face water crisis.  President, Samajwadi Party, Odisha.",0.8271
For this MP election samajwadi party declared from nanded district candidate  Abdul Samad Abdul Karim sahab ,0.4019
"BSP IS A PARTY OF CASTEISM EXPANSION. BRAIN OF SC, ST WAS ON 7TH SKY IN MAYAWATI RULE IN U. P. NO VALUE OF LAW IN HER REGION IN U. P.  SAMAJWADI PARTY RULE IN U. P. WAS NOT ALSO GOOD.THIS PARTY IS PROTECTOR OF MUSLIM CRIMINALS. NO LAW FOR MUSLIM DURING S. P. REGION. NEGLECT THEM. ",-0.1531
"Naveen_Odisha we welcome ur decision for not celebrating Holi2019 as tribute in memory of Pulwama martyrs.  President, Samajwadi Party, Odisha.",0.4023
"BBCWorld We pay our condolences for the deceased in LdaiCyclone victims who lost their lives Mozambique Malwai Zimbbwe. Our solidarity with the people. World leaders must come forward for relief &amp; rescue.  President, Samajwadi Party Odisha State, India.",0.743
"Republic_Bharat Jae she Mohammad has taken responsibility for PULBAMA attack, UN has Named Jae she Mohammad for PULBAMA attack. Samajwadi Party leaders yadavakhilesh are saying PULBAMA was conspiracy....Media.",-0.5423
"abdulrub_ansari Hon'ble Netaji Pranam. U r absolutely right, nobody can stop the march of SP-BSP to Delhi.  President, Samajwadi Party, Odisha.",0.128
I believe Gautum Buddha Nagar (up) will be won by bsp.,0.5719
"We protested against division of EastCoastZone Bhubaneswar on 28th February for which RPF has registered a case &amp; issued a summon. We urge upon PiyushGoyalOffc CRB to withdraw the case.  President, Samajwadi Party, Odisha. Naveen_Odisha bjd_odisha.",0.296
GOI needs to arrest Ram Gopal Yadav of Samajwadi Party who is spreading manufactured fake news reg pulwama. This is serious and should he not be arrested!? rajnathsingh PMOIndia KiranRijiju,-0.5255
"jacindaardern iamsuffian1 We pay our deepest condolences to the deceased people. May their souls rest in peace. Time has come for World Leaders to unite against terrorism. Our solidarity with u madam.  President, Samajwadi Party Odisha State, India.",0.34
No alliance with AAP in Delhi. No alliance with the Left in Bengal. No alliance with Samajwadi and BSP in UP. No alliance with the RJD  in Bihar.Congress has become political untouchables.Time for serious introspection for once a formidable party.,-0.6597
"devconsultgroup JamalJumla NITINKML But the lesser you contest the more you win. BSP contested 80 last time &amp; won a zero as big as an ostrich's egg. Now, they r contestng 38 &amp; will win around 25 seats. In 2010 Bihar polls, INC contsted 243 &amp; won 4. In 2015, INC contsted 40 &amp; won 26! LESSER YOU CONTEST, MORE YOU WIN",0.98
Neeraj_2019 Apnadal edge over SP+BSP candidate. IncNiku ji   also... Triangular contest....,0
"Our deepest condolences on the untimely demise of Goa Chief Minister Sri Manohar Parrikar. India last a young intellectual politician.  President, Samajwadi Party, Odisha. BJP4India. ",0.7184
"Our tribute to Ist Indian astronaut Kalpana Chawla on her birthday today. She continues to inspire us even today.  President, Samajwadi Party, Odisha. ",0.7506
Listen public voice and Samajwadi Party workers otherwise no attachment of public with samajwadi workers please one hand pump and one solar always given me  not because my villagersyadavakhilesh samajwadiparty ,0.802
"PNB scamster Nirav Modi arrested in London. Finally public opinion compelled Modi Govt to arrest him on the eve of election.  President, Samajwadi Party, Odisha.",-0.3818
"Professor Ali Khan, Samajwadi Party will be adressing on Manifesto of UAH at Constitution Club on 18th March 2pmUnitedAgainstHateUAH_India",0.4019
VOTE FOR Only BSP ,0
"yadavakhilesh yadav_pushu Yes bhaya VikasPoochhRahaHai. All these r Jumla as failed the farmers, youths &amp; above all the country.  President, Samajwadi Party, Odisha.",0.2732
"WorldWaterRiceDay congratulations to all my Brothers and Sisters of Odisha on World Water Rice Day today. Pakhala is a part of  JagnnathCulture &amp; all Odias poor or rich like to take it in summer. It's poorman's food.  President, Samajwadi Party, Odisha.",0.8625
"umasudhir very correct....joining hands  with BSP is also another bloomer....his inexperience shows, wonder who is advising him.",0
"samajwadiparty NareshUttamSP Welcome.  President, Samajwadi Party, Odisha",0.6908
"ShayarImran You will only become a vote cutter. You n Congress is on suicide mission in Muradabad n Bijnor too ,you should have tried to contest from SP BSP Alliance than you would be 100% winner.",-0.1779
"We pay our deepest tribute to the great Socialist, crusader of social justice &amp; founder of Socialist Party Dr RamManohar Lohia on his birthday today.  President, Samajwadi Party, Odisha. yadavakhilesh MediaCellSP SPDigitalForce SamajwadiParty. ",0.91
"ipl2019 congratulations to msdhoniCSK &amp; imVkohli RCB for today's opening clash.  President, Samajwadi Party, Odisha.",0.765
"We demanded inquiry by Human rights Commission into Vedanta firing.  President, Samajwadi Party, Odisha. ",-0.1531
"Our deepest condolences on the untimely demise of Goa Chief Minister Sri Manohar Parrikar. India last a young intellectual politician.  President, Samajwadi Party, Odisha. BJP4India. ",0.7184
"Naveen_Odisha we welcome ur decision for not celebrating Holi2019 as tribute in memory of Pulwama martyrs.  President, Samajwadi Party, Odisha.",0.4023
"ALL INDIANS,  SUSPEND ALL FIGHTS AGAINST CONGRESS TO FUTURE. SAVE CONGRESS TO SAVE YOURSELF &amp; ALSO TO SAVE INDIA. NO CONGRESS NO INDIA.CONGRESS IS THE GRSND MOTHER OF SP,BSP, RLD &amp; ALL OTHERS. PROTECT GRAND MOTHER  CONGRESS. CONGRESS GONE INDIA GONE.",0.8192
News18India AadilBoparai zaidicpi What Samajwadi this Bhadoria belongs to NALKA CHOR PARTY,0.5319
"Lok Sabha elections 2019: Wont contest, can still be PM, says BSP chief Mayawati | lok sabha elections | Hindustan Times ",0
"Neomi_Rao congratulations to you for being appointed as a judge in USA. India is proud of U madam.  President, Samajwadi Party Odisha State, India.",0.8658
"Best wishes to all my Brothers and Sisters of Odisha on the occasion of Holi.  President, Samajwadi Party, Odisha. ",0.8176
"*PM Modi attacks Samajwadi party, says they are betraying the principles of Dr. Ram Manohar Lohia* Yesterday it was the birthday of great socialist leader Dr. Ram Manohar Lohiya whose aim was to unite all opposition leaders against the leadership of Congress Party. ",0.4767
"Delhi is a funny place where a CM with 67 seats begs to a party for alliance with 0 seats &amp;more funnier is party with 0 seats rejects that offer..Varanasi LS  seat against PM Modi AAP gives to INC, INC gives to SP, SP gives it to BSP, BSP candidate joins BJP. ",0.7783
Please confirm your knowledgeBSP candidate form bijnor M.r Nagar ,0.3182
"Team Odisha of Samajwadi Party with Hon'ble National President akhileshyadav ji at Lucknow Party HQ today.  President, Samajwadi Party, Odisha. ",0.7964
"Our tribute to Ist Indian astronaut Kalpana Chawla on her birthday today. She continues to inspire us even today.  President, Samajwadi Party, Odisha. ",0.7506
"Hailstorm with rain lashed Coastal Odisha for which thatched houses, standing vegetable crops destroyed. Naveen_Odisha CMO_Odisha  direct SRC_Odisha /collectors to assess the situation for immediate compensation .  President, Samajwadi Party, Odisha.",-0.128
"ArvindKejriwal who has 67 seats is begging a party for alliance which has 0 seat, party with 0 seat is rejecting that offerVaranasi Loksabha seat against  Modi AAP gives it to congress, Congress gives it to SP, SP gives it to BSP, BSP candidate joins BJP LokSabhaElections2019",0.34
I believe Meerut (UP) will be won by BSP.,0.5719
srivastavnitin2 drpravinverma73 sp_party_mzp RahulGandhi yadavakhilesh MamataOfficial Mayawati yadavabneeshsp AbbasAliRushdi YadayUmesh satyendra_ahir samajwadiparty They will say you are answering 'out of syllabus'.Twitter poll mein bhi fixing hi Kar sakte hain yeh samajwadi party waale...,0.4019
"republic Good alert by UP Cong well in advance, so that they can save head. 99% he didn't get chance to win Amethi. Unless last minute SP, BSP did any something foxy",0.9092
"I am sure my fellow AP friends are smart enough to understand that PK is supporting TDP. PK supports BSP, BSP supports congress, congress supports TDP. I have lost all respect for PK when he said Telangana people are beating up Settlers. Show some proof of It. Totally unfair.",0.8981
"CNNnews18 What drives Mrs Jaya Bachchan in to politics and that too in samajwadi party! One can be in politics-Either for money, power etc (She cant be driven by this)OrOne is driven by serving the nation She must find out what drives her! SrBachchan",0.508
"Lok Sabha polls: samajwadiparty Party chief yadavakhilesh to contest from Azamgarh, Azam Khan nominated from Rampur ",0.4019
"yadavakhilesh yadav_pushu Yes bhaya VikasPoochhRahaHai. All these r Jumla as failed the farmers, youths &amp; above all the country.  President, Samajwadi Party, Odisha.",0.2732
"Vote split ahead as SP&amp;BSP tie up for all 48 seats in M'rashtraMuslim votes in the state may get split and spell trouble for the Congress-NCP's alliance as the Samajwadi Party (SP) and AIMIM have aligned with Dalit groups, turning the contest three-cornered in many seats. ",0
"AtharJawaid ChoudhryAnish syedfarmanahmed gurgaonpolice imMAK02 cmohry HaryanaPMC 2013 bengal riots where a muslim cleric was killed, trinamool, congress ruled india that time. 2013, muzaffarnagar samajwadi party. 2016, malda, bengal, trinamool. 2016 panchla, howrah, trinamool. But the PM must resign coz he was not there to stop anything.",-0.7658
I am not supporter sp and bsp.But I am help middle class level Shiksha mitra because Shiksha Mitra serve basics Shiksha near about twenty years. BJP promise election solve three month S.M. matter and Ram Janm bhumi and Kashmir act 370 remove and Kashmiri pandit  re home to sit. ,0.6232
"Vote for Glass voteforglasstumbler OngoleMP janasena with BSP  Lucknow, Uttar Pradesh ",0
VOTE FOR Only BSP ,0
cpimspeak apcpim U fools that was Modi stroke to destroy Power of cash rich Congress &amp; BSP leaders in uttarpradesh elections 3 Year back ChowkidarNahiRozgaarChahiye,-0.4767
GOI needs to arrest Ram Gopal Yadav of Samajwadi Party who is spreading manufactured fake news reg pulwama. This is serious and should he not be arrested!? rajnathsingh PMOIndia KiranRijiju,-0.5255
Congress.did right to fight in all UP loksabha seats. This is the long term decision thinking who is the real enemy in UP obviously BSP who snatch their voter if BSP weakend in UP&amp;not performed well Congress will be real gainer in upcoming elections same in Bihar against RJD,-0.6124
MrSinha_ IntolerantMano2 *Uttar Pardesh LS result 2019*Correction :BJP - 72SP - 7BSP - 0Congress - 0Apna dal - 1Save this tweet.,0
"Now media perception is ineptibility or inability of RaGa and Congress party in forging alliance with them. Comments of BSP supremo ""Rasshi Jal Goyee Por Bol Nehi Goyee"" .",0.4404
Very close fight- BSP ahead ,-0.4364
"yadavakhilesh SUNIL_YADAV15 Yes bhaya. There should be uniform for all Chowkidars across the country.  President, Samajwadi Party, Odisha.",0.6597
"PNB scamster Nirav Modi arrested in London. Finally public opinion compelled Modi Govt to arrest him on the eve of election.  President, Samajwadi Party, Odisha.",-0.3818
"Political Irony: Where AAP who has 67 seats is begging to Congress for alliance which has 0 seats rejecting offer.Varanasi LS seat against PM Modi AAP gives it to congress, Congress gives it to SP, SP gives it to BSP, BSP candidate joins BJP. AmitShah narendramodi BJYM",-0.4939
"Congratulations to all my Brothers and Sisters of Odisha on the auspicious occasion of Dola Purnima. May Lord Radha - Krishna shower their blessings for peace &amp; prosperity.  President, Samajwadi Party, Odisha. Naveen_Odisha ",0.9274
"In MP elections, pls select best two parties.elect one the best for strong nation. Omit smaller parties. They paralise the nation .omit BSP, SP, TDP, DMK, etc.. they limited to state level only.America is strong because the contest bet two or three.",0.9524
"Republic_Bharat Jae she Mohammad has taken responsibility for PULBAMA attack, UN has Named Jae she Mohammad for PULBAMA attack. Samajwadi Party leaders yadavakhilesh are saying PULBAMA was conspiracy....Media.",-0.5423
"Jawans martyred,blame the Govt for insufficient security. Govt Avenges the Pulwama attacks,blame the Govt for killing the jawans ,question the surgical strikes. Samajwadi party to be renamed stupid senseless party..EndPulwamaPolitics",-0.7351
"ndtv Someone needs to tell Paswan guy that he has become a Puppet in the hands of BJP, totally dancing to their tunes and has lost his own identity. What wl he do if his Party loses all over? Wl he then plead with Laaluor Mayawati  to enroll him and his Son in  RJD /BSP? Sic",-0.3094
"devconsultgroup JamalJumla NITINKML But the lesser you contest the more you win. BSP contested 80 last time &amp; won a zero as big as an ostrich's egg. Now, they r contestng 38 &amp; will win around 25 seats. In 2010 Bihar polls, INC contsted 243 &amp; won 4. In 2015, INC contsted 40 &amp; won 26! LESSER YOU CONTEST, MORE YOU WIN",0.98
Neeraj_2019 Apnadal edge over SP+BSP candidate. IncNiku ji   also... Triangular contest....,0
Varanasi Loksabha seat against PM Modi narendramodiAAP gives it to congressCongress gives it to SPSP gives it to BSPBSP candidate joins BJPAbkiBaarPhirModiSarkar ModiFor2019 ModiOnceMore BJPMission2019 AbkiBaar400Paar ModiSarkar Modi4NewIndia,0
mangellife29 wills167 INCIndia priyankagandhi INCWestBengal RahulGandhi MamataOfficial Without TMC SP BSP LEFTS Congress can't get power.RahulGandhi have to be mature enough to handle and understand it.,0.4215
"WorldWaterRiceDay congratulations to all my Brothers and Sisters of Odisha on World Water Rice Day today. Pakhala is a part of  JagnnathCulture &amp; all Odias poor or rich like to take it in summer. It's poorman's food.  President, Samajwadi Party, Odisha.",0.8625
"decision2019 IndianExpress He should do 50 rally if BJP wants to get some face saving number of seats from UP. BSP -SP combine, Congress &amp; other Opp are looking much stronger. Misuse of Armed Forces brave actions will not get votes. It use by date fading.Real issues will.",0.743
"Congratulations to CRPF on its 80thFoundationDay. The country salutes the martyrs of CRPF JammuAndKashmir PulwamaTerroristAttack &amp; stands in solidarity with the jawans.  President, Samajwadi Party, Odisha.",0.8316
"HatindersinghR Get your act together, INC ! Your state leaders are satraps now! Sheila won't allow alliance with AAP MP's CM won't allow BSP. Do you have hold on them? No. Get your house in order ",-0.6269
I believe Gautum Buddha Nagar (up) will be won by bsp.,0.5719
"jacindaardern iamsuffian1 We pay our deepest condolences to the deceased people. May their souls rest in peace. Time has come for World Leaders to unite against terrorism. Our solidarity with u madam.  President, Samajwadi Party Odisha State, India.",0.34
Listen public voice and Samajwadi Party workers otherwise no attachment of public with samajwadi workers please one hand pump and one solar always given me  not because my villagersyadavakhilesh samajwadiparty ,0.802
TanvirSalim1 RazaulHaqAnsari RahulGandhi priyankagandhi Pasmanda are majority in every seat across UP Bihar and Jharkhand but the Ashrafs dominate parliamentary board District Boards of every party be it RJD SP BSP. JMM is slightly better as Mr Haji Hussain Ansari is Muslim face and pasmanda forms 95 percent of Jharkhand Muslim.,0.736
"Saheed-E-Azam Bhagat Singh 27th September 1907-23rdMarch1931 revolutionary, Socialist thinker, martyr hanged by British in Lahore jail. President, Samajwadi Party, Odisha. ",0.4019
My respected MLC only Garland Bearing not finish your work your work is Public Work public representative please some work do for public for the attachment you and Samajwadi Party I am a simple person party you are not listen my talk I am Samajwadi Party workeryadavakhilesh ,0.9287
JM_Scindia Sab sp bsp wale congress me aa rahe h. Congress sach me front foot pe khel rahi h,0
"BSP IS A PARTY OF CASTEISM EXPANSION. BRAIN OF SC, ST WAS ON 7TH SKY IN MAYAWATI RULE IN U. P. NO VALUE OF LAW IN HER REGION IN U. P.  SAMAJWADI PARTY RULE IN U. P. WAS NOT ALSO GOOD.THIS PARTY IS PROTECTOR OF MUSLIM CRIMINALS. NO LAW FOR MUSLIM DURING S. P. REGION. NEGLECT THEM. ",-0.1531
t_d_h_nair ghanshyamtiwari Benarasiyaa Must be Congress workers with Saffron dress like last time in Lucknow where Samajwadi Party workers dressed in Saffron attacked Kashmiri vendors.,0.296
_SatyamMishra ParaRjs NO PANDIT JI NOSAME LOGIC IS NOT APPLICABLE HEREBRAHMINS DIRTY JOB STARTED MUCH EARLIER THAN MUSLIMS RAIDED INDIAPL CHECK HISTORICAL FACTSIT STIL GOES ON UNABATEDNO WONDER KANSI RAM &amp; MAYAVATI (BSP) GOT SUPPORT OF MAL TREATED COMMUNITIESEVEN TODAY 15%BRAHMINS HOLD 60%JOB,0.5344
"Best wishes to all my Brothers and Sisters of Samajwadi Family for a happy Holi.  President, Samajwadi Party, Odisha. yadavakhilesh MediaCellSP samajwadiparty SpNewsPortal. ",0.9042
For this MP election samajwadi party declared from nanded district candidate  Abdul Samad Abdul Karim sahab ,0.4019
"BJP repeating WB template in Orrisa, only those denied tickets are joining BJP to contest on their symbol. What is their winning chaces? Same as Paresh Rawal contesting on BSP ticket from Guj. ",0.128
IndianExpress Who can be more fashionable  then Mayawati  BSP   P,0
"NavrozMubarak to the brothers and sisters of Persian community.  President, Samajwadi Party, Odisha.",0.4019
"BBCWorld We pay our condolences for the deceased in LdaiCyclone victims who lost their lives Mozambique Malwai Zimbbwe. Our solidarity with the people. World leaders must come forward for relief &amp; rescue.  President, Samajwadi Party Odisha State, India.",0.743
Shameful of Samajwadi party' ,-0.128
"Professor Ali Khan, Samajwadi Party will be adressing on Manifesto of UAH at Constitution Club on 18th March 2pmUnitedAgainstHateUAH_India",0.4019
"Congratulations to Naveen_Odisha for filling nomination from Hinjili Assembly Constituency today OdishaElections2019.  President, Samajwadi Party, Odisha. bjd_odisha.",0.765
"We protested against division of EastCoastZone Bhubaneswar on 28th February for which RPF has registered a case &amp; issued a summon. We urge upon PiyushGoyalOffc CRB to withdraw the case.  President, Samajwadi Party, Odisha. Naveen_Odisha bjd_odisha.",0.296
No alliance with AAP in Delhi. No alliance with the Left in Bengal. No alliance with Samajwadi and BSP in UP. No alliance with the RJD  in Bihar.Congress has become political untouchables.Time for serious introspection for once a formidable party.,-0.6597
"Welcome the appointment of Hon'ble Justice Pinaki Chandra Ghosh FirstLokpal of India. It took 5yrs for NDA Govt to appoint Lokpal on the eve of election reflects its commitment in fighting corruption.  President, Samajwadi Party, Odisha. yadavakhilesh",0.8481
Santosh_Samani RahulGandhi Lol.Like SP and BSP.All crooks will have one symbol in future elections.The symbol would be Tihar Jail.,0
Listen public voice and Samajwadi Party workers otherwise no attachment of public with samajwadi workers please one hand pump and one solar always given me  not because my villagers ,0.802
"There should be 2-3parties in the country, the local parties are the main reason for nondevelopment of country  MamataOfficial AamAadmiParty samajwadi jantadal laluprasadrjd ncbn BJP4India INCIndia public  have to vote for party, whose candidates fighting in all states",0.4404
vishalkmumbai 8/10 is possible for bjp in mumbai 35/48 is also possible for bjp in Maharashtra and in UP bjp is gaining due to wrong choice of candidate of congress and BSP.,-0.0772
"WorldWaterDay save water save life. Make rational use of water for the use of next generation as water is precious &amp; the world is going to face water crisis.  President, Samajwadi Party, Odisha.",0.8271
"School children across the world must come forward  in solidarity for ClimateChangeStrike GretaThunberg to fight climatechange to save their future &amp; Mother Earth.  President, Samajwadi Party Odisha State, India.",0.6705
"AIMIM chief Asaduddin Owaisi , BSP chief Mayawati n many others  consider themself as Dalit though they are rich citizens . This is for getting votes. Dalits may be people who are unpreveleged, poor in health. In Bharat nothing is clear, who is prevelleged or not. Govt must act.",-0.1739
yadavakhilesh I m already support to Samajwadi Party . My uncle MR. Dinesh Chandra Verma S/O Late Dr. Dhaniram Verma ... In Samajwadi Party ....,0.7964
