ndtv ShatruganSinha shaktisinhgohil Shatru is now BJP s Shatru welcome to Congress ShatruganSinha RahulGandhi,0.4588,1389507457
arunjaitley The BJP govt in their nxt term must correct all the Nehruvian goof-ups only then the country can progress as one people in one country.,0.4215,75244992
___TransformingIndia Bjp4Chatra Bjp4Latehar BPalamu BJP4Jharkhand idharampalsinghBJP4India AmitShahAmitShahOffice Honourable PM narendramodi Ji Ur Team Member SunilSingh_BJP Ji Has Worked Of CHATRA ,0.4767,2167014884
"vi_vibhavjoshi iamnarendranath AmanKayamHai_ET scribe_prashant VinayDokania That is why BJP.In-House Live Feed showed only near visuals,not backside views n focused on Modi. All Channels directly transmit BJP Feed,with saying ""courtesy BJP.Feed"",this Unethical on Part of Channels. IndEditorsGuild ShekharGupta nramind sardesairajdeep",0.2023,2244609602
Shame on BJP ,-0.4767,8.95E+17
"I will Vote4BJPIt really doesn't matter who PMnarendramodi and AmitShahchooses as the MP Candidatefor my Constituency.What matters is that PM Modiwins again with a whopping2/3rd Majority.Each Vote given to BJPwill strengthen Modi,will strengthen India! NaMoAgain ",0.5632,3170769990
"rajnish_chaubey RahulGandhi It is fact we have Congress rule previous 10 but during those 10 years no one  loose job no one stand in long queues in withdrawing  their hard earned money, Congress gives lot to all sections of people but BJP gives only lathies to poor and comman man.",-0.9231,9.13E+17
mitalishah121 Bjp from jaunpur in u.p.,0,1.11E+18
"Police is there for controlling unlawful activities. Being a HC lawyer, you of all people shd have counselled your goons. If UP Lynchings are repeated in South India, all of you BJP bhakts will have to run ",0,9.97E+17
rahulkanwal IndiaToday ShekharGupta nramind aajtak sardesairajdeep bhupendrachaube anjanaomkashyap RahulGandhi yadavakhilesh Mayawati PawarSpeaks yadavtejashwi MamataOfficial mkstalin priyankagandhi ncbn TV Channels R Cheating Audience by Livecasting ,-0.5574,2244609602
"narendramodi P.M.Sir, I saw nearly all your rallies. My advance congratulations to you n BJP for winning this election with thumbing majority.Further, your Govt.didn't increase pension of Sr.Pensioners under EPS 95 which are getting only Rs1000 pm only inspite of your 2014 election promise.",0.8243,1.02E+18
irfhabib Well any one who works for the country's poor and marginalised is a threat to Modi led BJP.,-0.6597,152131283
"Scams, scams and scamsModiScamCentury modireportcard FakeNews Headlines BREAKING BJP___ BJP BJPFails DemocracyMatters SecularismMattersEndBrahminismEndCasteismEndPatriarchyStopViolence ",-0.8225,3282757369
Wake up call for BJP allies. They have no respect for allies and all they want to do is strengthen themselves even if it involves maiming their allies. ,0.5423,531081135
Elections2019 Sales of burnol going to increase 3 to 4 times in next month's.But common get full paisa vasool entertainment. IndiaSpaceSuperPower Indiawithnamo Congress BJP,0.6249,7.06E+17
"I encourage IT raids. SabchoorhaiBJP4India do IT raids on INCIndia  JDS When u come 2 rule, do it on BJP that's it.Let IT Dept display your faces weEncourageITRaidscongresschorhai ChowkidarChorHai ITRaid siddaramaiah hd_kumaraswamy Karnataka BSYBJP",0.5106,633594403
IndiaToday Probably he is another R3 who is also a bjp modiji hater like separatist  prashant bhushan and yogendra yadav,-0.0772,172621456
Characters of B'luru South BJP Candidate:Harassed a woman named Dr Some Dutta Made sexist comments against womenOpposed Women ReservationNow stole the party ticket from a selfless woman TejaswiniDear voters think before voting this womanizer!,0.4574,4890659142
"ExSecular Congress knows better than BJP how to deal with the traitors,bhagodas !",0.4926,339580087
___TransformingIndia Bjp4Chatra Bjp4Latehar BPalamu BJP4Jharkhand idharampalsinghBJP4India AmitShahAmitShahOffice Honourable PM narendramodi Ji Ur Team Member SunilSingh_BJP Ji Has Worked Of CHATRA,0.4767,2167014884
ndtv ShatruganSinha shaktisinhgohil Shatru is now BJP s Shatru welcome to Congress ShatruganSinha RahulGandhi,0.4588,1389507457
arunjaitley The BJP govt in their nxt term must correct all the Nehruvian goof-ups only then the country can progress as one people in one country.,0.4215,75244992
___TransformingIndia Bjp4Chatra Bjp4Latehar BPalamu BJP4Jharkhand idharampalsinghBJP4India AmitShahAmitShahOffice Honourable PM narendramodi Ji Ur Team Member SunilSingh_BJP Ji Has Worked Of CHATRA ,0.4767,2167014884
"vi_vibhavjoshi iamnarendranath AmanKayamHai_ET scribe_prashant VinayDokania That is why BJP.In-House Live Feed showed only near visuals,not backside views n focused on Modi. All Channels directly transmit BJP Feed,with saying ""courtesy BJP.Feed"",this Unethical on Part of Channels. IndEditorsGuild ShekharGupta nramind sardesairajdeep",0.2023,2244609602
Shame on BJP ,-0.4767,8.95E+17
"I will Vote4BJPIt really doesn't matter who PMnarendramodi and AmitShahchooses as the MP Candidatefor my Constituency.What matters is that PM Modiwins again with a whopping2/3rd Majority.Each Vote given to BJPwill strengthen Modi,will strengthen India! NaMoAgain ",0.5632,3170769990
"rajnish_chaubey RahulGandhi It is fact we have Congress rule previous 10 but during those 10 years no one  loose job no one stand in long queues in withdrawing  their hard earned money, Congress gives lot to all sections of people but BJP gives only lathies to poor and comman man.",-0.9231,9.13E+17
mitalishah121 Bjp from jaunpur in u.p.,0,1.11E+18
"Police is there for controlling unlawful activities. Being a HC lawyer, you of all people shd have counselled your goons. If UP Lynchings are repeated in South India, all of you BJP bhakts will have to run ",0,9.97E+17
rahulkanwal IndiaToday ShekharGupta nramind aajtak sardesairajdeep bhupendrachaube anjanaomkashyap RahulGandhi yadavakhilesh Mayawati PawarSpeaks yadavtejashwi MamataOfficial mkstalin priyankagandhi ncbn TV Channels R Cheating Audience by Livecasting ,-0.5574,2244609602
"narendramodi P.M.Sir, I saw nearly all your rallies. My advance congratulations to you n BJP for winning this election with thumbing majority.Further, your Govt.didn't increase pension of Sr.Pensioners under EPS 95 which are getting only Rs1000 pm only inspite of your 2014 election promise.",0.8243,1.02E+18
irfhabib Well any one who works for the country's poor and marginalised is a threat to Modi led BJP.,-0.6597,152131283
"Scams, scams and scamsModiScamCentury modireportcard FakeNews Headlines BREAKING BJP___ BJP BJPFails DemocracyMatters SecularismMattersEndBrahminismEndCasteismEndPatriarchyStopViolence ",-0.8225,3282757369
Wake up call for BJP allies. They have no respect for allies and all they want to do is strengthen themselves even if it involves maiming their allies. ,0.5423,531081135
Elections2019 Sales of burnol going to increase 3 to 4 times in next month's.But common get full paisa vasool entertainment. IndiaSpaceSuperPower Indiawithnamo Congress BJP,0.6249,7.06E+17
"I encourage IT raids. SabchoorhaiBJP4India do IT raids on INCIndia  JDS When u come 2 rule, do it on BJP that's it.Let IT Dept display your faces weEncourageITRaidscongresschorhai ChowkidarChorHai ITRaid siddaramaiah hd_kumaraswamy Karnataka BSYBJP",0.5106,633594403
IndiaToday Probably he is another R3 who is also a bjp modiji hater like separatist  prashant bhushan and yogendra yadav,-0.0772,172621456
Characters of B'luru South BJP Candidate:Harassed a woman named Dr Some Dutta Made sexist comments against womenOpposed Women ReservationNow stole the party ticket from a selfless woman TejaswiniDear voters think before voting this womanizer!,0.4574,4890659142
"ExSecular Congress knows better than BJP how to deal with the traitors,bhagodas !",0.4926,339580087
"misogul losmonrekha No qn whether I'd vote for narendramodi or notThe qn that lies there to be asked is - why n who r those who wudnt vote for modiLet's figure out :-. the ignorant , The majboorThe overwhelmed losers",-0.8807,3069815186
PM Modi addresses Public Meeting in Jammu,0,8.71E+17
Now what say ? DD News shot PM Modis Special Message address. ,0.4019,112709207
"hd_kumaraswamy narendramodi Firstly you are not even equivalent opponent Mr Kumaraswamy! Now stop this. If your ppl are sincere and not corrupt, why fear! As a chief minister, you should show courage and not behave like this. Shame on you. Did Modi raid, no its IT, then why blame Modi. (Ur logic)",-0.556,7.10E+17
"PandaJay Let me keep my speech in RAJNAGAR Assembly Constituency. I have already communicated with RAJNAGAR Candidate Mr ALEKH JENA BABU.Your's Abhaya Kumar Nayak, State BJP Party IC Member, BBSR, Odisha.",0.4019,7.33E+17
___TransformingIndia Bjp4Chatra Bjp4Latehar BPalamu BJP4Jharkhand idharampalsinghBJP4India AmitShahAmitShahOffice Honourable PM narendramodi Ji Ur Team Member SunilSingh_BJP Ji Has Worked Of CHATRA,0.4767,2167014884
ndtv ShatruganSinha shaktisinhgohil Shatru is now BJP s Shatru welcome to Congress ShatruganSinha RahulGandhi,0.4588,1389507457
arunjaitley The BJP govt in their nxt term must correct all the Nehruvian goof-ups only then the country can progress as one people in one country.,0.4215,75244992
___TransformingIndia Bjp4Chatra Bjp4Latehar BPalamu BJP4Jharkhand idharampalsinghBJP4India AmitShahAmitShahOffice Honourable PM narendramodi Ji Ur Team Member SunilSingh_BJP Ji Has Worked Of CHATRA ,0.4767,2167014884
"vi_vibhavjoshi iamnarendranath AmanKayamHai_ET scribe_prashant VinayDokania That is why BJP.In-House Live Feed showed only near visuals,not backside views n focused on Modi. All Channels directly transmit BJP Feed,with saying ""courtesy BJP.Feed"",this Unethical on Part of Channels. IndEditorsGuild ShekharGupta nramind sardesairajdeep",0.2023,2244609602
Shame on BJP ,-0.4767,8.95E+17
"I will Vote4BJPIt really doesn't matter who PMnarendramodi and AmitShahchooses as the MP Candidatefor my Constituency.What matters is that PM Modiwins again with a whopping2/3rd Majority.Each Vote given to BJPwill strengthen Modi,will strengthen India! NaMoAgain ",0.5632,3170769990
"rajnish_chaubey RahulGandhi It is fact we have Congress rule previous 10 but during those 10 years no one  loose job no one stand in long queues in withdrawing  their hard earned money, Congress gives lot to all sections of people but BJP gives only lathies to poor and comman man.",-0.9231,9.13E+17
mitalishah121 Bjp from jaunpur in u.p.,0,1.11E+18
"Police is there for controlling unlawful activities. Being a HC lawyer, you of all people shd have counselled your goons. If UP Lynchings are repeated in South India, all of you BJP bhakts will have to run ",0,9.97E+17
rahulkanwal IndiaToday ShekharGupta nramind aajtak sardesairajdeep bhupendrachaube anjanaomkashyap RahulGandhi yadavakhilesh Mayawati PawarSpeaks yadavtejashwi MamataOfficial mkstalin priyankagandhi ncbn TV Channels R Cheating Audience by Livecasting ,-0.5574,2244609602
"narendramodi P.M.Sir, I saw nearly all your rallies. My advance congratulations to you n BJP for winning this election with thumbing majority.Further, your Govt.didn't increase pension of Sr.Pensioners under EPS 95 which are getting only Rs1000 pm only inspite of your 2014 election promise.",0.8243,1.02E+18
irfhabib Well any one who works for the country's poor and marginalised is a threat to Modi led BJP.,-0.6597,152131283
"Scams, scams and scamsModiScamCentury modireportcard FakeNews Headlines BREAKING BJP___ BJP BJPFails DemocracyMatters SecularismMattersEndBrahminismEndCasteismEndPatriarchyStopViolence ",-0.8225,3282757369
Wake up call for BJP allies. They have no respect for allies and all they want to do is strengthen themselves even if it involves maiming their allies. ,0.5423,531081135
Elections2019 Sales of burnol going to increase 3 to 4 times in next month's.But common get full paisa vasool entertainment. IndiaSpaceSuperPower Indiawithnamo Congress BJP,0.6249,7.06E+17
"I encourage IT raids. SabchoorhaiBJP4India do IT raids on INCIndia  JDS When u come 2 rule, do it on BJP that's it.Let IT Dept display your faces weEncourageITRaidscongresschorhai ChowkidarChorHai ITRaid siddaramaiah hd_kumaraswamy Karnataka BSYBJP",0.5106,633594403
IndiaToday Probably he is another R3 who is also a bjp modiji hater like separatist  prashant bhushan and yogendra yadav,-0.0772,172621456
Characters of B'luru South BJP Candidate:Harassed a woman named Dr Some Dutta Made sexist comments against womenOpposed Women ReservationNow stole the party ticket from a selfless woman TejaswiniDear voters think before voting this womanizer!,0.4574,4890659142
"ExSecular Congress knows better than BJP how to deal with the traitors,bhagodas !",0.4926,339580087
"LOAN DEFAULTERS BHUSHAN, ESSAR, ALOK TEXT, BINANI, JAIPRAKASH, VIJAY MALLYA, NIRAV MODI WERE GRANTED LOANS BY UPA GOVERNMENT WHILE MODI GOVT. IS RECOVERING LOANS FROM  ALL OF THEM. Congress INCIndia BJP4India RahulGandhi Priyankac19 JhaSanjay ",0.4084,8.97E+17
"This man planned to throw out tribals from their homes, tomorrow he comes to seek your votes. People of Koraput  Odisha time to throw out Modi GoBackModi",0,2572063615
"misogul losmonrekha No qn whether I'd vote for narendramodi or notThe qn that lies there to be asked is - why n who r those who wudnt vote for modiLet's figure out :-. the ignorant , The majboorThe overwhelmed losers",-0.8807,3069815186
PM Modi addresses Public Meeting in Jammu,0,8.71E+17
Now what say ? DD News shot PM Modis Special Message address. ,0.4019,112709207
"hd_kumaraswamy narendramodi Firstly you are not even equivalent opponent Mr Kumaraswamy! Now stop this. If your ppl are sincere and not corrupt, why fear! As a chief minister, you should show courage and not behave like this. Shame on you. Did Modi raid, no its IT, then why blame Modi. (Ur logic)",-0.556,7.10E+17
We are Ready BJP 2019TigerRajaSingh ,0.3612,2233178372.0
Full video of RahulGandhi helping a Journo for photo opps...Poor PappuG didn't know journalist was a BJP mole  ,0.296,166206766.0
"good riddance for BJP,  traitor ShatruganSinha joins Congress",0.4404,136066326.0
"""Badhaai ho"", mocks Congress on PMModi having completed 100 scamsModiScamCentury ",-0.4588,233039234.0
"ProudKafir1 Tejasvi_Surya Raman We still have to be much more powerful than our present capabilities.Right now China threatened us at Doklam, though modi ji stood his ground and forced China to back off from road building. China eyes Arunachal Pradesh, hence we have to be much stronger than what we are today.",-0.079,2160285660.0
ECISVEEP SpokespersonECI Ceokerala SikkimElection CEOBihar CEOAndhra CEO_Goa CEO_Maharashtra TNelectionsCEO ceonagaland ceomeghalaya If so punish Modi for misuse of Govt Mass Media yesterday for Address to Nation,-0.656,2244609602.0
It seems opposition has made it that Modi is India and they are enemies within.,-0.4939,7.808251223073997e+17
"BJP4India AmitShah Loot, jhoot  scoot - that's the way Modi's friends do business  the way Modi runs the country. ModiScamCentury ",0.4767,233039234.0
shahid_siddiqui Indubitably it is poll gimmick. 1 can expect such violation of conduct only from a PM like Modi!,-0.2481,2896633892.0
bravo_modi BJP4India  done,0.0,7.064585334417572e+17
manoramanews If Modi is heard they will laugh at.India has never had such a clown as P.M,0.5574,2896633892.0
"LOAN DEFAULTERS BHUSHAN, ESSAR, ALOK TEXT, BINANI, JAIPRAKASH, VIJAY MALLYA, NIRAV MODI WERE GRANTED LOANS BY UPA GOVERNMENT WHILE MODI GOVT. IS RECOVERING LOANS FROM  ALL OF THEM. Congress INCIndia BJP4India RahulGandhi Priyankac19 JhaSanjay ",0.4084,8.965935053839647e+17
"This man planned to throw out tribals from their homes, tomorrow he comes to seek your votes. People of Koraput  Odisha time to throw out Modi GoBackModi",0.0,2572063615.0
"misogul losmonrekha No qn whether I'd vote for narendramodi or notThe qn that lies there to be asked is - why n who r those who wudnt vote for modiLet's figure out :-. the ignorant , The majboorThe overwhelmed losers",-0.8807,3069815186.0
PM Modi addresses Public Meeting in Jammu,0.0,8.706896146666701e+17
Now what say ? DD News shot PM Modis Special Message address. ,0.4019,112709207.0
"hd_kumaraswamy narendramodi Firstly you are not even equivalent opponent Mr Kumaraswamy! Now stop this. If your ppl are sincere and not corrupt, why fear! As a chief minister, you should show courage and not behave like this. Shame on you. Did Modi raid, no its IT, then why blame Modi. (Ur logic)",-0.556,7.101507589775032e+17
"vi_vibhavjoshi iamnarendranath AmanKayamHai_ET scribe_prashant VinayDokania That is why BJP.In-House Live Feed showed only near visuals,not backside views n focused on Modi. All Channels directly transmit BJP Feed,with saying ""courtesy BJP.Feed"",this Unethical on Part of Channels. IndEditorsGuild ShekharGupta nramind sardesairajdeep",0.2023,2244609602.0
Fast Nation RahulGandhi and ShatruganSinha ShatrughanSinha ,0.0,3014429648
"ThursdayThoughtsBlackSpotOnJudiciaryNews18HindiHRAajTkcmohryCorrupt, decadent, anti-people and that is BJP Govt. ",0.0,1080444298355605504
"I challenge Shatrughan Sinha to speak ill about congress party leadership, and see what happens., as he with their party now. He was issuing anti party statements while he was in BJPand still the party never took any action. He got away with that ",0.7184,2230717760
Rahul Gandhi a Member of Parliament and he has not declared any other source of income other than his salary as an MP. He should explain how his wealth rose from 55 lakh to 9 crore in 10 years: BJP,0.4939,1034357671661432832
"And Modi ji and BJP have let down the youth, Farmers, Women, small businessmen, traders, salaried class, middle class, minorities, Dalits, list is endless... ModiScamCentury IndiaWithNaMo Meerut Jharkhand ",0.0,62221208
"JhaSanjay Krishna1974 utterly useless self centred fellow. Good riddance for BJP. He had been a thorn in the flesh with no useful contribution. Now that he joins congress, his realisation of what congress is will start and will be lost for ever",-0.2006,2784295135
INCIndia Shameful act by the Jharkand BJP state govt. They are scared that their lies are being exposed.,-0.8481,2547736082
fayedsouza INCIndia INCIndia if action not taken then there will be no difference between you and bjp,-0.296,802151757258231808
Aryabhat priyankac19 accepts BJP win in UP ,0.7269,3012294607
"All my BJP friends, please retweet this ",0.6597,2230717760
Vote for BJP Bulu Bhai ,0.0,1012595733231382528
Pm narendramodi addressing election rally in jammu ,0.0,268035727
RajatSharmaLive INCIndia priyankac19 indiatvnews Congress and its leaders has gone beseark . With their stupid comments thry are helping BJP.,-0.296,1008979924940611584
"Lol .. looks like BJP understood Arun Jaitley cannot win an election . So they made him a content writer for the party . Day in and day out .. dishing out articles, tweets and videos ..",0.6031,191855096
"GhorAngirasa Can BJP promise freeing temples all over India, more so in TN, from govt control,treat them at par with churches,mosques gurudwaras in the matter of taxationcharging for utilities and order a commission of inquiry to recover properties grabbed from them.AmitShah narendramodi",0.6705,64967944
"Major political parties namely BJP, Congress, NCP and Shiv Sena have fielded 38% of hereditary politicians as their candidates in Maharashtra. Similar will be the trend on all India basis also . This indicates a trend of centralization of political power within few families.",0.4019,887964204518395904
"May God NOT forgive you for hate campaign against Modi for four years.Wish you, Yashwant Sinha n company learnt graceful conduct from Dr Swamy39 whose contribution to India, BJP n anti-corruption is many time more.",-0.1063,178247585
"timesofindia U can fight BJP, RSS or Modi for any reason of yours. But this delirium pulled u into the good books of tukde tukde gang which was Pakistan""s voice. Now anti-national forces see you as their saviour,and that is where you  got tagged.",0.0772,2422223724
"ajaymishra_in sardesairajdeep sagarikaghose So, now enough is enough. I can't convince and you can't convince me. Let us end it here. I will vote for Congress and you vote for BJP. Whoever wins, the democracy will win and we will be Indians.",0.7202,304229984
Please vote for him!,0.3802,31678419
"If rahul shows he will have talented people on his team, BJP has no hope of winning. The truth is BJP spent 5 years focusing on the deficit, with regrettable side excursions into Brexit. Its a grasping government",0.5719,2429260963
myogiadityanath Apradh to ham ne kia ths ki myogiadityanath  and narendramodi  jise namoony ki haath me desh ka satta de dia..Iss baar koi galti nhe kryngy. BJP4India  ko hta kr rhyngy.Wee all voter's unite to develop our country and aur Thought All about possible when bjp's boycott,-0.7579,863341546757734400
anayatw Our PM is minister incharge for respective ministry. Ofcourse it is an election season which he took advantage of an event. And to remind you that he didn't took credit for BJP.,0.3851,71567790
Your A/C Number xxxxxxxx420 has been credited byRs. 1500000/- byModi GovernmentAvailable Balance is Rs23___ ApnaVoteSahiHathMeDijiye BJP___,0.4215,4716950672
Yay.... good tidings for BJP ,0.4404,163791663
"narendramodi Please come one more time to Kolar, Karnataka.We want BJP this time from Kolar consituency.",0.3818,1018481252
snobfielder avinash_b01 MukulAgarwal66 Envy n jealousy has been a historical fact within BJP n among fiberals.Confuse if unable to compete.,-0.5267,178247585
"Ashwini Choubey, the BJP MP from Buxar ",0.0,261213549
"ADR Report--430 MPs are crorepatis, 50%MPs are from BJP. ",0.0,101899217
_YogendraYadav LallanPr Joined bjp and got cleansed of all crimes,0.0,524188318
BJPLive narendramodi Then why bjp was Alliance partner with PDP in kashmir. by this way bjp is also a part of the mass killing of kashmiri pandits,-0.6597,1096345808516075520
"In BJP vocabulary, any dissent is treason and you will be marked. OMG, Nidhi ji, run...! ",-0.4926,997486820639297536
CNNnews18 arunjaitley AnchorAnandN Failed alliance between  bjp and pop  destroyed JK,-0.595,524188318
"ShashiTharoor It's really nice of you to hold the electorate in such high esteem! In BJP we have the likes of Tejasvi_Surya who has the audacity to tell us that if you vote for Modi you are a patriot, otherwise you are anti-India .. last 15 seconds of his speech !! ",0.7763,88355773
"BJP won't allow CBI, ED, IT or central forces to act independently. It's proved ",-0.1695,997486820639297536
Another sampler from great moron Surya Tejaswi  BJP candidate from South Bangalore . Although he does not elaborate about orgasm details of RSSBJP women and men for that matter . Waiting for these details Chowkidar Teju . ,0.25,903597685134958593
The return of Bijoy Mohapatra was just the kind of tonic that the BJP needed ahead of election. ,0.0,1055687215580307457
"Im wondering when there will be No BJP, No congress. Whos gonna entertain us.",-0.2732,966742455411503106
"Choukidars from vibrant Gujarat INR 3,400,000,000 Water Supply Scam Under Gujarat BJP Govt: Ex-CM Suresh Mehta Cites Audit Report ",-0.0772,524188318
Our community support for the upcoming Lok Sabha polls is to the BJP.,0.4019,2717489179
With 6.3  million views YSRCParty campaign song RavaliJaganKavaliJagan becomes the most viewed song by an Indian political party on YouTubeMusic leaving behind all other Campaign songs including BJP Congress YSJagan AndhraPradesh VoteForFan YSRCP,0.4019,1025213557737017344
".ShelarAshish TawdeVinod Dev_Fadnavis - if you compromise on Kirit, no citizen will stand upto SS goon politics. BJP can survive a few losses, SS can't. ",-0.5994,21080743
"SanjayAzadSln If it is aired by ABP news channel then it is 100% fake. It is done deliberately to confuse voters. ABP channel is a pro BJP channel.  Famous for yellow journalism.  I appeal to all to desist from seeing pro BJP channels such as ZEE, TIMES NOW, REPUBLIC etc.",-0.6124,962981098602065920
"TOIIndiaNews Apropos your news, ""Sadhavi Prgya desired to contest against Diggi"", if BJP fields her, she would certainly prove a formidable contender against Digii to make him bite the dust in Bhopal LS Seat with humiliating defeat, despite sizable solid minority vote bank,",-0.164,4309793352
"You never seem to find anything wrong with BJP despite the fact they abuse u, lampoon u, at times thrash u mercilessly. Or maybe because of that. ",-0.8074,1084225736
Congress receives waste from BJP. ,-0.4215,52448129
One day political conference in relation with coming lok Sabha (1 inner)election at Heingang ( CM) Mandal with a huge public participation Ramlal BJP4India PMOIndia BJP4Manipur jagat_thoudam Bhabananda_bjp ,0.3182,890932199112851456
"Please decide how secular MIM is when you see FIRs registered against both Owaisis. As bad as VHP, BJP, BD or that stupid, rabid south Bangalore BJP contestant! ",-0.7088,997486820639297536
CTRavi_BJP hd_kumaraswamy siddaramaiah Jan 2019 : HDK statment about IT raids on Film stars  producers ,0.0,243976392
BJP MP ShatruganSinha met Congress President Shri RahulGandhi in Delhi today. ,0.0,2206654124
"And Kejriwal openly ready to lick the spit of CONGRESS, openly telling on stage,agar Congress Gathbandhan naheen karti to BJP saari seats jeet jaayegi.Koi common agenda to bana lo kam se kam,kuch bhi. ",0.3612,831127089025781760
acnymph Stupid fellow.  I am deeply hurt by his statements. He is trying to Please the BJP leadership to get  a ticket to contest elections from bengaluru. Another fekhu out fooling people.,-0.8173,962981098602065920
AMITAWASTHI_BJP yadavakhilesh shalabhmani samajwadiparty Make one list then we can sit and decide instead of trying to get better of each other brother,0.4404,99719314
AMITAWASTHI_BJP yadavakhilesh shalabhmani Good,0.4404,99719314
"Modi says govt showed courage for surgical strike on land, air and space; compares 'dumdaar BJP' to 'daagdar oppn' - Times of India ",0.4019,935435205204107264
"Its because the women in the BJP are too blinded by the gujrati duo and all they can see is power at any cost. No morals, ethics, decency. ",-0.296,26662858
"Dating someone based ONLY on looks is shallow af. Consider other things, like do they hate BJP and RSS as much as you do?",-0.296,3066839160
"Dating someone based ONLY on looks is shallow af. Consider other things, like do they hate BJP and RSS as much as you do ?",-0.296,532065866
"Dear PandaJay Sir,bring back our  hardworking dedicated nation cadre leader Subas ChauhanJi for more  strengthen our BJP  in odisha.NamoAgain",0.8016,345801633
ANINewsUP Nathuni kushwaha from Kushinagar will lose this election... Here main fight will be between RPN Singh (Congress) and Vijay Kumar Dubey (BJP)I'm from Kushinagar... And learned in his BIC school... But his image is very bad in kushwaha community..Earlier 3 times he lost elections,-0.8858,139391096
padhalikha Jobs are a result of robust economy..wen the economy is destroyed by Chowkidar then how can we expect jobs..wat can u expect from a govt who ask pple to be either a Chowkidar or sell pakoda..BJP___,-0.2023,99909251
"smnayak BBSRBuzz muglikar_ ashishsarangi akala_kushmanda Save my tweet, BJP will will in Dhenkanal.",0.4939,128872354
Rebels within BJP are raising their dissents. 2 days ago BJP Rajyasabha M.P. Subramaniam swamy had indirectly indicted PM by saying that he is a brahmin and cannot be a chowkidar. What does it mean?.,-0.2023,962981098602065920
narendramodi 400 ke par BJP Sarkar,0.0,1102602416573243392
Poisonous people like Rohini singh start digging out old tweets of Tejasvi_Surya The young vibrant face of BJP for her propaganda She is the same who did 20 tweets in a single day for Sapna Choudhary joining congress and later sapna denied it .Shame on you rohini_sgh,-0.7003,483710979
"ajaymishra_in sardesairajdeep sagarikaghose So, what do you say, BJP is good for Muslims ? Modi cares for Muslims and respects  our religion as much as he does Hindu religion. We are equals. Modi stands for communal harmony and brotherhood. It is only Muslims who can't understand his deep love for them ? Next Mahatma ?",0.9397,304229984
Another classics turncoat ShatruganSinha lost to Rajesh Khanna to bitterly sour his relationship. Was with BJP for 28 years and now to Congress! Let's hope him the very best at 73.,0.5244,246186349
rahutrue pavan_sethi And engine tuning by BJP instead of AMG!!,0.0,48040923
Recently I.P. Singh BJP spokesman has been suspended from party for speaking the truth. He said 2 Gujaratis are fooling the people by making false claims.  He also said in 2014 Modi fooled the people by calling himself as chaiwala this time  saying himself as chowkidar.,-0.5267,962981098602065920
This is India and BJP is best brand washing Powder ,0.6369,965149427118759937
"SuryaCh92669299 AmitabhTiwari Anyone can claim anything but nobody is denied her... Nor the BJP troll.. Who can defend anything, and troll any clip from any dam place.. But not her. They're just doing her character assassination via different means.. Nothing on the topic.. Can't link her with Congress.",-0.8807,141467972
BJP4India BJP4UP I live and die for Ballia: BJP MP Bharat Singh on denial of tickets ,-0.5994,1690066100
"RahulGandhi Respected Rahul Sir, we should better make the Bharatvasis aware of what our ancestors from the INC have done for Bharatvarsh since we attained independence. Let the BJP harp on their achievements. Every Indian should realize the sacrifice of our Late PM Indira G  Rajeev G...",0.7184,233890277
Peaceful and learned citizens of South Bangalore now it is for you to read and see what kind of monster BJP has offered you to  elect and represent you . Please think for future of your children before voting for this moron. ,0.1901,903597685134958593
"After Rahul Gandhi, I think Atul Khatri would be the reason for BJP's victory in 2019.  BC itna gathiya influencer kharid rakha hai Congress walon ne .. ",0.0,2875079070
Swamy39 Why BJP and other parlimentarians or any govt agency doesn't have guts to ask?,0.0,332398875
Doesn't help the BJP in any way in Mumbai North constituency when people say the present incumbent reminds them of Rama Shetty the character from the old classic Ardha Satya.Urmila Matondkar has given the BJP the ,-0.3089,791683387236847617
Hassan District BJP president Joins congress CongressIsLifeJoinsCongress,0.0,74767671
"TimesNow BJP Karnataka shld now go to the street  question HDK  Congress leaders to prove that any minister of the State was raided.BJP shld ask why both JDS  Congress protesting for these contractors  Engineers of the State, are they benami's funding their elections.",-0.4215,781413147890454528
hd_kumaraswamy narendramodi You should immediately raid all BJP candidates with ACB.,0.0,332398875
BJP MP Shathrugnan Sinha Joins Congress CongressIsLife JoinsCongress ,0.0,74767671
"When u ask questions from BJP ur a congressi or n AAPian, when u ask AAP, u r a BJPian Or COngressi, when u ask Congress, u r a sanghi or aapian. For gods sake can anyone ever treat us as just citizens!!",0.508,145895469
"narendramodi PMOIndia arunjaitley AmitShah BSYBJP nimmasuresh CTRavi_BJP bjparvind pavanbhandari ,waha whaa what a drama start to joint campaign by INCKarnataka  hd_kumaraswamy in front of IT Office,really a wake up call to BJP4Karnataka BJP4India",0.0,263506720
CNNNEWS18-Zakka Jacob  anchor in TN interviewing Kanimozhi DMK who is out on bail  doesn't even ask her that question  but Zakka saying she is the best Parliamentarian.CNNNEWS18  Interview with Ms.Soundaraya seems to a very casual  gibberish one against her  BJP candidature,0.8569,781413147890454528
nsui RahulGandhi Down BJP up INC,0.0,1089905240017653766
BJP4India dear bjp when the candidate of 78th loksabha will final. we are waiting and can't wait ,0.3818,834425555080642561
DeepakB44511909 WasiuddinSiddi1 manakgupta BebakAawaj priyankagandhi RahulGandhi priyankac19 Bjp party election commission hai.,0.4019,952490965188558849
BJP has won 3rd Assembly seat in Arunachal. Phurpa Tsering won from Dirang seat uncontested after two other candidates have withdrawn their nominations.BJPVijaySankalp,0.8126,1313520402
Misogynistic comments against Jaya Prada { BJP candidate in Rampur (UP) constituency }. NCWIndia issues notice to SP leader Firoz Khan ,0.0,146758151
Is it in BJP manifesto?? Don't spread lies  fake news VasundharaBJP BJP4India BJP4Rajasthan ,0.6423,997192876495781889
"CPIMManifesto calls to its people to defeat BJP, ensure asecular Government at Centre amp; to strengthen the CPI(M) amp;Left in the Parliament. I will only vote for CPI(M) amp; Leftcandidates. ",0.2263,1059150382469808128
Modi 5 years bad oh no..worst goverence had given 90% ppl enough energy to throw out Modi Sarkar even behind the scene Congress helping BJP with contesting every where and promising everything. ,0.3612,4411635696
HardeepSPuri BJP4India BJP4Delhi arunjaitley BJPLive BJYM shwait_malik amritabhinder rpsinghkhalsa indiandiplomats IndianDiplomacy Uncle phulka ji nu leke aao te arleast one such Sikh leader shd get bjp ticket in delhi n Punjab,0.0,29687579
Narendra Modi led BJP Government is trying to use black moneycut money in their Loksabha Election Caimpaign in the legalised and organised Way for which Modi Government is very much intended and or interested to launch Electoral Bond in the market before the General Election!,0.4574,960591410419269632
arunjaitley We are all humans and makes mistakes hence people have voted BJP to rectify all mistake done by Pt. JLN then what stops you in last 5 years  that you were not able to do anything on 35A accept blaming others.,-0.7269,2772302583
This is damn truenarendramodi PMOIndia AmitShah BJP4Indialikeforlike Politics womenempowerment womensafety BJP ,-0.4019,1052781936127561728
Only for bjp,0.0,937706187994275840
BangaloreSouth Cast Your vote to -  SL No. 1 - L S Tejasvi_Surya BJP MP CandidateNaMoAgain2019 BJP4India BJP4Karnataka BJYM BJYMKarnataka,-0.296,45946592
Entire India will remember you for you senseless taxations and corporate appeasement while you were FM and you and your sons misusing of power in  scams. ,-0.5859,916836383259369473
nishankonar nihang In punjab bjp has zero support because of RSS and SAD.,-0.2808,229798429
"By krishnahebbaleSurgical strike = defense forcesMissiles,  satellites = DRDO,  ISROIT Raids = Modi Dear opposition,  have consistency please.narendramodi, BJP4Karnataka, hd_kumaraswamy, INCKarnataka",0.3818,1889647399
RahulGandhi will be ,0.0,2860584701
_YogendraYadav Whatever Mr Modi does is just to save his kursi. Desh unke taraf seh  bhaadh mein jaaeh.,0.4939,2547736082
MrsGandhi Are you indirectly saying that there are no jobs in Modi's era??,-0.3736,1376192186
"Every Indian who is inculcating values like hard work, merit, honesty etc. among children is working like a Chowkidar and is contributing towards change in the society. Let us all be a part of this change along with Narendra Modi and say with pride MainBhiChowkidarvia MyNt",0.9287,1034357671661432832
Means you admit that there are no jobs in the Modi's era. Right? ApnaVoteSahiHathMeDijiye ,-0.1027,1376192186
"Under the Narendra Modi govt, PMJDY is the biggest financial inclusion initiative that is providing benefits to many people in rural areas. DigitalIndiavia MyNt ",0.3818,1034357671661432832
"The Congress on Wednesday demanded an apology from Prime Minister Narendra Modi for comparing opposition parties to liquor, while addressing a rally in Meerut in Uttar Pradesh MangoNews Modi ",0.25,1946216959
"95% think Nehru policies are no good for today. Only 5% are with Congress bcoz of their illogical hate for Modi. If it was not for Modi, they too will vote against Nehru. ",-0.4588,1855035565
"IndiaToday narendramodi rahulkanwal gauravcsawant Rahulshrivstv javedmansari Pm modi has had 3 rallies on his first day  today, in my view he has blasted INC cheif out of the park, u can keep projecting the failed dynast as a competitor, people have heard PM Modi, u can give a spin if u hv to",-0.5106,953665802955304965
Centre laps up Swaminathan endorsement of PM Modis farm policies ,0.3182,123509375
"Shehzad_Ind smritiirani MyNation Poor guy must be finding a rat hole fir hiding after results, today pm modi in his rallies has blasted congress  its president out of tje park, pls compare with rallues of the dynast if he has guts to hold one",-0.6124,953665802955304965
retheeshraj10 lizTaS7 What about Modi losing in Varanasi and Amit Shah losing in Gandhinagar?,-0.6369,119037126
"Both Mr. Modi  Mr. Trump r facing backlash of left leaning fake propaganda spreading. media  anti-national journos because of their Nationalist Principles.Both are working to make their countries ""Great Again"".Thanks narendramodi  .All the best realDonaldTrump .",0.6369,1870980140
"Why Modi's follower take personally 2an attack on him?Cuz they realise the attack is on them, their value system  socio-econo-educational status, for where they stand in the society, their failures  wins, their very existence. Far too long pseudo lib, lefties hv had their way",-0.4767,3979573879
No one can stop ModiWave. Whole family wears the mask of Modi in remote village of NewAbali - Eastern most part of ArunachalPradesh. Supporting their local candidate. Am just amused muglikar_ chanya_manya hchaturv temsutulaimsong ,0.3182,973580893188014081
"Oh,what happened to all the Yale etc:degrees,she had?Modi clout NOT ENOUGH NOW TO GET A PHD:? ",0.0,2435798060
Modi ji has conquered  the young minds all over India. They just are fanatically behind Modi. They just know Modi ji is the only PM who can deliver what he says,0.0,2230717760
"Not only nation but the global powers like USA, RUSSIA, EUROPE MIDDLE EAST all are with modi. HAR HAR MODI GHAR GHAR MODI. Now NRI'S are proudly saying we are from India  our PM is modi. MY PM IS MY PRIDE IndiaWithNaMo",0.9239,1366583012
"** If Article 35A was surreptitiously inserted by Pt. Nehrus Govt. (  not by then Parliament ) ,then what stops PM Modi s Govt. from removing it ? MainBhiChowkidar arunjaitley rajnathsingh AmitShah NmoNmoModiJi301 ",-0.1531,2788920002
"First time at a political rally! With the first phase of UP elections about 2 weeks away, Modi kickstarts his campaign in Meerut. ",0.0,1045008101257015296
"RAFALE CHOR MODI smiles thinking that he has been successfully fooling all in the name of surgical strike, bombing pakTERRORIST camp and satellite.""Just Like You"": PM To Shikhar Dhawan, Others On Mission Shakti Praise - NDTV ",0.8481,922714434966921216
How AIR  Doordarshan beat ECs model code to air PM Modis A-SAT speech | ThePrint ,0.0,21961038
Brilliant answers by the young generation voter's in Karnataka why Modi should be voted back again. ,0.5859,2230717760
AAPExpress MODI LOST HIS POLITICAL CARRIER,-0.4648,2913350359
RatanSharda55 BDUTT The things Hate Modi brigade will do is not surprising,-0.672,3092950830
AliAhma96964236 Propaganda is on high ! But India is gradually understanding this joker Modi!,-0.2404,188839268
"We will correct all their mistakes Trust us, We have dreams for each one of you RahulGandhiForPM RahulForBehtarBharatWe Will Remonetise What Modi 'Demonetised, Says RahulGandhishahjahanAliShe INCIndia INCAssam AbdulHa20342842mgvkbhanu WazadC ",0.5423,1167889267
"PiyushDubey008 NayakRagini Modi ji has given more than fifteen lakhs ,anyone required the calculations,may contact .modi ji modi.",0.0,3189535303
passportsevamea SushmaSwaraj passportsevamea  narendramodi  Thank you such as fast action. Well done process DigitalIndia. Thank you all the Authorities and Modi govt to help me on this.,0.8316,4834026466
"hd_kumaraswamy narendramodi Ha... Ha... Ha...Balakot strike happens, it's not Modi and it's the Soldiers.ASAT happens, It's not Modi it's the DRDOIT raid happens, it's not IT Dept but it's Modi.",-0.0644,117286099
"Ha... Ha... Ha...Balakot strike happens, it's not Modi and it's the Soldiers.ASAT happens, It's not Modi it's the DRDOIT raid happens, it's not IT Dept but it's Modi. ",-0.0644,117286099
sambitswaraj BJP4Odisha Modi has forgotten about infrastructure in Meerut.,-0.2263,3225685452
da38d3ed3b744ee India had developed the capabilities to target  destroy satellites in 2012 under the UPA govt. Modi's desperation for public approval prior to elections is becoming even more apparent as he tries to steal credit once again. ,-0.6124,744104948619681792
neo_pac MODI LOST HIS POLITICAL CARRIER,-0.4648,2913350359
ShekharGupta kavereeb No one wanted to play Modi ,0.0516,3283055384
"PM Modi addresses public meeting in Meerut, Uttar Pradesh ",0.0,761489558
"Do not ever expect ECI to act in a fair, impartial, objective  unbiased manner. **Modi bio-pic will be allowed to be screened, might even get exemption from income tax. **Only 1% votes will be tallied against VVPAT, giving Modi a free hand to rig elections",0.8625,1084225736
"PM Modi addresses Public Meeting at Rudrapur, Uttarakhand",0.0,761489558
PM Modi addresses Public Meeting in JammuWatch Live ,0.0,761489558
Modi 2.0 loading ... ,0.0,140793396
Bulsit are u more educated. We r highly educated and we like india's development -that is possible by modi ji only. ,0.3612,731440727507357696
"girish_joshig RavinarIN madhukishwar NiniHala muglikar_ iam_manishk ShefVaidya RituRathaur uppalj UnSubtleDesi You are right. The issue however are the agenda driven rascals who find a Gandhi-Nehru hand in everything. Just because Modi announced a national achievement, surely you have noticed the hate and scorn thrown at him by the asslickers of the Italian Gandhis.",-0.0772,108034179
dhruv_rathee and Ironman cud get new nano technology suit only due to Modi ji.,0.0,27850390
Modi-live huge crowd. ,0.3182,731440727507357696
TheEconomist sagarikaghose If it is he should be a MOUNI not MODI on earth,0.0,447724626
"asadowaisi Mitro jumla is out now, we will throw to Modi out of parliament.. voiceofyouth",0.0,395197416
"BalaKrishnarama Tejasvi_Surya When these people say Nehru established ISRO they mean to say Nehru Himself designed, constructed ISRO all by his own.Nehru Installed machine  other equipment all by himself even trained all technician  scientist himself that is why now they all say credit shouldn't go to Modi",0.3818,927787520431079429
"sundeepdabas neo_pac I don't hate Modi. Also, the perticular ex chief you refer to is now part of Government. Do some research on this for your own knowledge. Five years in power, but he does it with weeks to go for elections. Also, as per MCC, he can make only defense related announcements.",0.4116,45349237
"drshamsafridi Just hearing the name Modi, you should pee in your pants. Such has to be the fear.",-0.4939,2230717760
SuryaCh92669299 AmitabhTiwari We have many nationalist channels and all pro Modi Ji... I expect them to show the incidences but all busy projecting Modi for 2019 election.Has police not taken any action?,0.0,141467972
ShekharGupta DhingraSanya I think PM Modi should have shown some discretion  asked DRDO officials to announce the achievement. After that he should have congratulated the DRDO scientists via media. At any cost he could have got credit. Some times big people commit small mistakes.,0.3182,969267235893071872
